Megnevezés,Méret,Csatlakozás,Technológia,Tároló kapacitás (GB),SSD max írás (MB/s),SSD max olvasás (MB/s),Világítás,Hűtőborda,Ár (FT)
"KINGSTON 240GB A400 SATA 3 2.5"" SA400S37/240G","2.5""",SATA 3,TLC,240,350,500,Nem,Nem,11890
KINGSTON 500GB A2000 M.2 PCIe M.2 2280 SA2000M8/500G,M.2 2280,M.2 PCIe,TLC,500,2000,2200,Nem,Nem,22189
"KINGSTON 480GB A400 SATA 3 2.5"" SA400S37/480G","2.5""",SATA 3,TLC,480,450,500,Nem,Nem,18090
KINGSTON 250GB A2000 M.2 PCIe M.2 2280 SA2000M8/250G,M.2 2280,M.2 PCIe,TLC,250,1100,2000,Nem,Nem,14489
KINGSTON 1TB A2000 M.2 PCIe M.2 2280 SA2000M8/1000G,M.2 2280,M.2 PCIe,TLC,1000,2000,2200,Nem,Nem,39590
SAMSUNG 500GB 970 EVO Plus M.2 PCIe M.2 2280 MZ-V7S500BW (Basic garancia),M.2 2280,M.2 PCIe,MLC,500,3200,3500,Nem,Nem,30390
INTEL 256GB Optane H10 M.2 PCIe M.2 2280 HBRPEKNX0101A01,M.2 2280,M.2 PCIe,Optane,256,650,1450,Nem,Nem,18790
TRANSCEND 32GB MSA370 mSATA TS32GMSA370,mSATA,mSATA,MLC,32,40,260,Nem,Nem,15890
"SAMSUNG 500GB 870 EVO SATA 3 2.5"" MZ-77E500B/EU","2.5""",SATA 3,TLC,500,530,560,Nem,Nem,24190
"CRUCIAL 240GB BX500 SATA 3 2.5"" CT240BX500SSD1","2.5""",SATA 3,TLC,240,500,540,Nem,Nem,12990
"SAMSUNG 500GB 860 EVO SATA 3 2.5"" MZ-76E500B/EU (Basic garancia)","2.5""",SATA 3,MLC,500,520,550,Nem,Nem,28090
"KINGSTON 120GB A400 SATA 3 2.5"" SA400S37/120G","2.5""",SATA 3,TLC,120,320,500,Nem,Nem,9590
SAMSUNG 500GB 970 EVO Plus M.2 PCIe M.2 2280 MZ-V7S500BW,M.2 2280,M.2 PCIe,TLC,500,3200,3500,Nem,Nem,34190
SAMSUNG 250GB 970 EVO Plus M.2 PCIe M.2 2280 MZ-V7S250BW,M.2 2280,M.2 PCIe,TLC,250,2300,3500,Nem,Nem,23090
SAMSUNG 500GB 970 EVO M.2 PCIe M.2 2280 MZ-V7E500BW (Basic garancia),M.2 2280,M.2 PCIe,MLC,500,2300,3400,Nem,Nem,28691
"WD 500GB Blue SATA 3 2.5"" WDS500G2B0A","2.5""",SATA 3,TLC,500,530,560,Nem,Nem,19489
"SAMSUNG 1TB 860 EVO SATA 3 2.5"" MZ-76E1T0B/EU (Basic garancia)","2.5""",SATA 3,MLC,1000,520,550,Nem,Nem,38790
SAMSUNG 1TB 970 EVO Plus M.2 PCIe M.2 2280 MZ-V7S1T0BW (Basic garancia),M.2 2280,M.2 PCIe,TLC,1000,3300,3500,Nem,Nem,58490
"CRUCIAL 500GB MX500 SATA 3 2.5"" CT500MX500SSD1","2.5""",SATA 3,TLC,500,510,560,Nem,Nem,20591
"WD 250GB Blue SATA 3 2.5"" WDS250G2B0A","2.5""",SATA 3,TLC,250,500,540,Nem,Nem,14390
"CRUCIAL 480GB BX500 SATA 3 2.5"" CT480BX500SSD1","2.5""",SATA 3,TLC,480,500,540,Nem,Nem,18090
"WD 240GB Green SATA 3 2.5"" WDS240G2G0A","2.5""",SATA 3,TLC,240,465,540,Nem,Nem,13090
"GIGABYTE 120GB Internal SATA 3 2.5"" GP-GSTFS31120GNTD","2.5""",SATA 3,TLC,120,380,500,Nem,Nem,9190
"SAMSUNG 250GB 870 EVO SATA 3 2.5"" MZ-77E250B/EU","2.5""",SATA 3,TLC,250,530,560,Nem,Nem,17990
SAMSUNG 250GB 970 EVO Plus M.2 PCIe M.2 2280 MZ-V7S250BW (Basic garancia),M.2 2280,M.2 PCIe,TLC,250,2300,3500,Nem,Nem,21391
"KINGSTON 960GB A400 SATA 3 2.5"" SA400S37/960G","2.5""",SATA 3,TLC,960,450,500,Nem,Nem,34489
SAMSUNG 1TB 970 EVO Plus M.2 PCIe M.2 2280 MZ-V7S1T0BW,M.2 2280,M.2 PCIe,TLC,1000,3300,3500,Nem,Nem,62090
"CRUCIAL 1TB MX500 SATA 3 2.5"" CT1000MX500SSD1","2.5""",SATA 3,TLC,1000,510,560,Nem,Nem,35890
"CRUCIAL 120GB BX500 SATA 3 2.5"" CT120BX500SSD1","2.5""",SATA 3,TLC,120,500,540,Nem,Nem,9290
"KINGSTON 256GB KC600 SATA 3 2.5"" SKC600/256G","2.5""",SATA 3,TLC,256,500,550,Nem,Nem,16789
"WD 1TB Blue SATA 3 2.5"" WDS100T2B0A","2.5""",SATA 3,TLC,1000,530,560,Nem,Nem,36690
ADATA 512GB XPG SX8200 Pro M.2 PCIe M.2 2280 ASX8200PNP-512GT-C,M.2 2280,M.2 PCIe,TLC,512,2300,3500,Nem,Nem,27890
"SAMSUNG 1TB 870 QVO SATA 3 2.5"" MZ-77Q1T0BW","2.5""",SATA 3,QLC,1000,520,550,Nem,Nem,36690
ADATA 1TB XPG SX8200 Pro M.2 PCIe M.2 2280 ASX8200PNP-1TT-C,M.2 2280,M.2 PCIe,TLC,1000,3000,3500,Nem,Nem,49290
"APACER 120GB AS350 Panther SATA 3 2.5"" AP120GAS350-1","2.5""",SATA 3,TLC,120,298,310,Nem,Nem,8990
"SAMSUNG 1TB 870 QVO SATA 3 2.5"" MZ-77Q1T0BW (Basic garancia)","2.5""",SATA 3,QLC,1000,520,550,Nem,Nem,35289
WD 500GB Blue M.2 SATA M.2 2280 WDS500G2B0B,M.2 2280,M.2 SATA,TLC,500,530,560,Nem,Nem,19690
INTEL 512GB 660P M.2 PCIe M.2 2280 SSDPEKNW512G8XT,M.2 2280,M.2 PCIe,QLC,512,1000,1500,Nem,Nem,20490
"CRUCIAL 250GB MX500 SATA 3 2.5"" CT250MX500SSD1","2.5""",SATA 3,TLC,250,510,560,Nem,Nem,16090
"INTENSO 240GB High SATA 3 2.5"" 3813440","2.5""",SATA 3,MLC,240,500,520,Nem,Nem,11090
GIGABYTE 256GB NVMe SSD M.2 PCIe M.2 2280 GP-GSM2NE3256GNTD,M.2 2280,M.2 PCIe,TLC,256,1100,1700,Nem,Nem,15090
CRUCIAL 500GB P1 M.2 PCIe M.2 2280 CT500P1SSD8,M.2 2280,M.2 PCIe,QLC,500,950,1900,Nem,Nem,22189
"SAMSUNG 250GB 870 EVO SATA 3 2.5"" MZ-77E250B/EU (Basic garancia)","2.5""",SATA 3,TLC,250,530,560,Nem,Nem,18790
"GIGABYTE 240GB Internal SATA 3 2.5"" GP-GSTFS31240GNTD","2.5""",SATA 3,TLC,240,420,500,Nem,Nem,12891
KINGSTON 240GB A400 M.2 SATA M.2 2280 SA400M8/240G,M.2 2280,M.2 SATA,TLC,240,350,500,Nem,Nem,12390
"KINGSTON 512GB KC600 SATA 3 2.5"" SKC600/512G","2.5""",SATA 3,TLC,512,520,550,Nem,Nem,26789
WD 240GB Green M.2 SATA M.2 2280 WDS240G2G0B,M.2 2280,M.2 SATA,TLC,240,465,540,Nem,Nem,12790
CRUCIAL 1TB P1 M.2 PCIe M.2 2280 CT1000P1SSD8,M.2 2280,M.2 PCIe,QLC,1000,1700,2000,Nem,Nem,36890
"SAMSUNG 1TB 870 EVO SATA 3 2.5"" MZ-77E1T0B/EU","2.5""",SATA 3,TLC,1000,530,560,Nem,Nem,45590
SAMSUNG 250GB 860 EVO M.2 SATA M.2 2280 MZ-N6E250BW,M.2 2280,M.2 SATA,MLC,250,520,550,Nem,Nem,17990
"PNY 120GB CS900 SATA 3 2.5"" SSD7CS900-120-PB","2.5""",SATA 3,TLC,120,450,560,Nem,Nem,10690
ADATA 1TB XPG Gammix S11 Pro M.2 PCIe M.2 2280 AGAMMIXS11P-1TT-C,M.2 2280,M.2 PCIe,TLC,1000,3000,3500,Nem,Igen,50890
"SAMSUNG 500GB 870 EVO SATA 3 2.5"" MZ-77E500B/EU (Basic garancia)","2.5""",SATA 3,TLC,500,530,560,Nem,Nem,22589
WD 1TB Blue M.2 SATA M.2 2280 WDS100T2B0B,M.2 2280,M.2 SATA,TLC,1000,530,560,Nem,Nem,35690
"SAMSUNG 2TB 860 EVO SATA 3 2.5"" MZ-76E2T0B/EU","2.5""",SATA 3,MLC,2000,520,550,Nem,Nem,106790
"WD 1TB Green SATA 3 2.5"" WDS100T2G0A","2.5""",SATA 3,TLC,1000,465,540,Nem,Nem,33090
SAMSUNG 500GB 860 EVO M.2 SATA M.2 2280 MZ-N6E500BW,M.2 2280,M.2 SATA,MLC,500,520,550,Nem,Nem,23291
"WD 480GB Green SATA 3 2.5"" WDS480G2G0A","2.5""",SATA 3,TLC,480,465,540,Nem,Nem,19690
WD 500GB Black SN750 M.2 PCIe M.2 2280 WDS500G3X0C,M.2 2280,M.2 PCIe,TLC,500,2600,3470,Nem,Nem,26690
"WD 120GB Green SATA 3 2.5"" WDS120G2G0A","2.5""",SATA 3,TLC,120,430,540,Nem,Nem,10490
INTEL 1TB 665P M.2 PCIe M.2 2280 SSDPEKNW010T9X1,M.2 2280,M.2 PCIe,QLC,1000,1925,2000,Nem,Nem,49190
"PATRIOT 240GB Burst SATA 3 2.5"" PBU240GS25SSDR","2.5""",SATA 3,TLC,240,455,560,Nem,Nem,14489
"CRUCIAL 1TB BX500 SATA 3 2.5"" CT1000BX500SSD1","2.5""",SATA 3,TLC,1000,500,540,Nem,Nem,32090
GIGABYTE 512GB NVMe SSD M.2 PCIe M.2 2280 GP-GSM2NE3512GNTD,M.2 2280,M.2 PCIe,TLC,512,1550,1700,Nem,Nem,23190
"ADATA 512GB Ultimate SU750 SATA 3 2.5"" ASU750SS-512GT-C","2.5""",SATA 3,TLC,512,520,550,Nem,Nem,22189
INTEL 1TB 660P M.2 PCIe M.2 2280 SSDPEKNW010T801,M.2 2280,M.2 PCIe,QLC,1000,1800,1800,Nem,Nem,38190
"PNY 240GB CS900 SATA 3 2.5"" SSD7CS900-240-PB","2.5""",SATA 3,TLC,240,460,560,Nem,Nem,12590
WD 250GB Blue SN550 NVMe M.2 PCIe M.2 2280 WDS250G2B0C,M.2 2280,M.2 PCIe,TLC,250,950,2400,Nem,Nem,14390
SAMSUNG 500GB 860 EVO M.2 SATA M.2 2280 MZ-N6E500BW (Basic garancia),M.2 2280,M.2 SATA,MLC,500,520,550,Nem,Nem,24091
"APACER 128GB AS350 Panther SATA 3 2.5"" 95.DB260.P100C","2.5""",SATA 3,TLC,128,490,540,Nem,Nem,8990
GIGABYTE 1TB NVMe SSD M.2 PCIe M.2 2280 GP-GSM2NE3100TNTD,M.2 2280,M.2 PCIe,TLC,1000,2100,2500,Nem,Nem,41890
"GIGABYTE 256GB Internal SATA 3 2.5"" GP-GSTFS31256GTND","2.5""",SATA 3,TLC,256,500,520,Nem,Nem,13490
WD 1TB Blue SN550 NVMe M.2 PCIe M.2 2280 WDS100T2B0C,M.2 2280,M.2 PCIe,TLC,1000,1950,2400,Nem,Nem,41791
"HP 250GB S700 SATA 3 2.5"" 2DP98AA","2.5""",SATA 3,TLC,250,515,555,Nem,Nem,16590
SILICON POWER 256GB A60 M.2 2280 SP256GBP34A60M28,M.2 2280,M.2 PCIe,TLC,256,1600,2200,Nem,Nem,12690
"WD 1TB Red SA500 NAS SATA 3 2.5"" WDS100T1R0A","2.5""",SATA 3,TLC,1000,530,560,Nem,Nem,43990
"APACER 120GB AS340 PANTHER SATA 3 2.5"" AP120GAS340G-1","2.5""",SATA 3,TLC,120,375,450,Nem,Nem,8990
"SAMSUNG 2TB 870 QVO SATA 3 2.5"" MZ-77Q2T0BW (Basic garancia)","2.5""",SATA 3,QLC,2000,520,550,Nem,Nem,73790
ADATA 512GB XPG SPECTRIX S40G RGB M.2 PCIe M.2 2280 AS40G-512GT-C,M.2 2280,M.2 PCIe,TLC,512,2400,3500,Igen,Nem,28790
SILICON POWER 512GB P34A80 M.2 PCIe M.2 2280 SP512GBP34A80M28,M.2 2280,M.2 PCIe,TLC,512,3000,3200,Nem,Nem,26490
WD 1TB Black SN750 M.2 PCIe M.2 2280 WDS100T3X0C,M.2 2280,M.2 PCIe,TLC,1000,3000,3470,Nem,Nem,58490
"KIOXIA 240GB Exceria SATA 3 2.5"" LTC10Z240GG8","2.5""",SATA 3,TLC,240,540,550,Nem,Nem,12189
SAMSUNG 1TB 860 EVO M.2 SATA M.2 2280 MZ-N6E1T0BW,M.2 2280,M.2 SATA,MLC,1000,520,550,Nem,Nem,42490
"SAMSUNG 256GB 860 PRO SATA 3 2.5"" MZ-76P256B/EU (Basic garancia)","2.5""",SATA 3,MLC,256,530,560,Nem,Nem,27490
SAMSUNG 500GB 980 M.2 PCIe M.2 2280 MZ-V8V500BW,M.2 2280,M.2 PCIe,TLC,500,2600,3100,Nem,Nem,26789
WD 250GB Black SN750 M.2 PCIe M.2 2280 WDS250G3X0C,M.2 2280,M.2 PCIe,TLC,250,1600,3100,Nem,Nem,18590
WD 500GB Blue SN550 NVMe M.2 PCIe M.2 2280 WDS500G2B0C,M.2 2280,M.2 PCIe,TLC,500,1750,2400,Nem,Nem,21290
ADATA 2TB XPG SX8200 Pro M.2 PCIe M.2 2280 ASX8200PNP-2TT-C,M.2 2280,M.2 PCIe,TLC,2000,3000,3500,Nem,Nem,91190
"ADATA 512GB Ultimate SU800 SATA 3 2.5"" ASU800SS-512GT-C","2.5""",SATA 3,TLC,512,520,560,Nem,Nem,23490
WD 120GB Green M.2 SATA M.2 2280 WDS120G2G0B,M.2 2280,M.2 SATA,TLC,120,430,545,Nem,Nem,9990
ADATA 256GB XPG SX8200 Pro M.2 PCIe M.2 2280 ASX8200PNP-256GT-C,M.2 2280,M.2 PCIe,TLC,256,1200,3500,Nem,Nem,19889
SAMSUNG 250GB 860 EVO M.2 SATA M.2 2280 MZ-N6E250BW (Basic garancia),M.2 2280,M.2 SATA,MLC,250,520,550,Nem,Nem,15790
SAMSUNG 250GB 980 PRO M.2 PCIe M.2 2280 MZ-V8P250BW,M.2 2280,M.2 PCIe,TLC,250,2700,6400,Nem,Nem,29489
"SAMSUNG 256GB 860 PRO SATA 3 2.5"" MZ-76P256B/EU","2.5""",SATA 3,MLC,256,530,560,Nem,Nem,31590
"SAMSUNG 2TB 870 EVO SATA 3 2.5"" MZ-77E2T0B/EU","2.5""",SATA 3,TLC,2000,530,560,Nem,Nem,86290
SILICON POWER 256GB P34A80 M.2 PCIe M.2 2280 SP256GBP34A80M28,M.2 2280,M.2 PCIe,TLC,256,3000,3200,Nem,Nem,17189
CRUCIAL 500GB MX500 M.2 SATA M.2 2280 CT500MX500SSD4,M.2 2280,M.2 SATA,TLC,500,510,560,Nem,Nem,23190
"INTENSO 256GB Top SATA 3 2.5"" 3812440","2.5""",SATA 3,MLC,256,400,520,Nem,Nem,11090
"SAMSUNG 512GB 860 PRO SATA 3 2.5"" MZ-76P512B/EU (Basic garancia)","2.5""",SATA 3,MLC,512,530,560,Nem,Nem,41590
SILICON POWER 1TB P34A80 M.2 PCIe M.2 2280 SP001TBP34A80M28,M.2 2280,M.2 PCIe,TLC,1000,3000,3200,Nem,Nem,45590
TRANSCEND 240GB MTS420 M.2 SATA M.2 2242 TS240GMTS420S,M.2 2242,M.2 SATA,TLC,240,500,560,Nem,Nem,13090
GIGABYTE 512GB Aorus RGB M.2 PCIe M.2 2280 GP-ASM2NE2512GTTDR,M.2 2280,M.2 PCIe,TLC,512,2000,3840,Igen,Igen,37890
"KINGSTON 240GB UV500 mSATA 2.5"" SUV500MS/240G",mSATA,mSATA,TLC,240,500,520,Nem,Nem,15890
PATRIOT 256GB P300 M.2 PCIe M.2 2280 P300P256GM28,M.2 2280,M.2 PCIe,TLC,256,1100,1700,Nem,Nem,13590
TRANSCEND 1TB 220S M.2 PCIe M.2 2280 TS1TMTE220S,M.2 2280,M.2 PCIe,TLC,1000,1900,3400,Nem,Nem,53990
"GIGABYTE 480GB Internal SATA 3 2.5"" GP-GSTFS31480GNTD","2.5""",SATA 3,TLC,480,480,550,Nem,Nem,19889
PATRIOT 256GB VPN100 M.2 PCIe M.2 2280 VPN100-256GM28H,M.2 2280,M.2 PCIe,TLC,256,1000,3000,Nem,Igen,17790
SAMSUNG 250GB 980 PRO M.2 PCIe M.2 2280 MZ-V8P250BW (Basic garancia),M.2 2280,M.2 PCIe,TLC,250,2700,6400,Nem,Nem,28890
"WD 500GB Red SA500 NAS SATA 3 2.5"" WDS500G1R0A","2.5""",SATA 3,TLC,500,530,560,Nem,Nem,22490
CRUCIAL 500GB P5 M.2 PCIe M.2 2280 CT500P5SSD8,M.2 2280,M.2 PCIe,TLC,500,3000,3400,Nem,Nem,26490
"INTENSO 128GB Top SATA 3 2.5"" 3812430","2.5""",SATA 3,MLC,128,300,520,Nem,Nem,7990
SAMSUNG 512GB 970 PRO M.2 PCIe M.2 2280 MZ-V7P512BW (Basic garancia),M.2 2280,M.2 PCIe,MLC,512,2300,3500,Nem,Nem,53090
TRANSCEND 256GB 430S M.2 SATA M.2 2242 TS256GMTS430S,M.2 2242,M.2 SATA,TLC,256,500,560,Nem,Nem,14390
TRANSCEND 512GB 110s M.2 PCIe M.2 2280 TS512GMTE110S,M.2 2280,M.2 PCIe,TLC,512,1500,1800,Nem,Nem,22290
"KINGSTON 120GB UV500 mSATA 2.5"" SUV500MS/120G",mSATA,mSATA,TLC,120,300,520,Nem,Nem,11690
"PATRIOT 120GB Burst Elite SATA 3 2.5"" PBE120GS25SSDR","2.5""",SATA 3,TLC,120,320,450,Nem,Nem,8590
"SAMSUNG 1TB 860 PRO SATA 3 2.5"" MZ-76P1T0B/EU (Basic garancia)","2.5""",SATA 3,MLC,1000,530,560,Nem,Nem,81690
"TEAM GROUP 480GB GX1 SATA 3 2.5"" T253X1480G0C101","2.5""",SATA 3,TLC,480,430,530,Nem,Nem,17490
"PATRIOT 256GB P210 SATA 3 2.5"" P210S256G25","2.5""",SATA 3,TLC,256,400,500,Nem,Nem,12490
WD 480GB Green M.2 SATA M.2 2280 WDS480G2G0B,M.2 2280,M.2 SATA,TLC,480,465,540,Nem,Nem,19590
"ADATA 120GB Ultimate SU650 SATA 3 2.5"" ASU650SS-120GT","2.5""",SATA 3,TLC,120,320,520,Nem,Nem,9190
ADATA 1TB XPG SPECTRIX S40G RGB M.2 PCIe M.2 2280 AS40G-1TT-C,M.2 2280,M.2 PCIe,TLC,1000,3000,3500,Igen,Nem,52290
"KINGSTON 1TB KC600 SATA 3 2.5"" SKC600/1024G","2.5""",SATA 3,TLC,1000,520,550,Nem,Nem,43290
"ADATA 256GB Ultimate SU750 SATA 3 2.5"" ASU750SS-256GT-C","2.5""",SATA 3,TLC,256,520,550,Nem,Nem,14590
APACER 120GB AST280 M.2 SATA M.2 2280 AP120GAST280-1,M.2 2280,M.2 SATA,TLC,120,470,500,Nem,Nem,10190
"KINGSTON 480GB UV500 mSATA 2.5"" SUV500MS/480G",mSATA,mSATA,TLC,480,500,520,Nem,Nem,28790
"SAMSUNG 2TB 870 QVO SATA 3 2.5"" MZ-77Q2T0BW","2.5""",SATA 3,QLC,2000,520,550,Nem,Nem,73090
TRANSCEND 512GB 430S M.2 SATA M.2 2242 TS512GMTS430S,M.2 2242,M.2 SATA,TLC,512,500,560,Nem,Nem,25090
ADATA 512GB XPG Gammix S11 Pro M.2 PCIe M.2 2280 AGAMMIXS11P-512GT-C,M.2 2280,M.2 PCIe,TLC,512,2300,3500,Nem,Igen,28590
"APACER 240GB AS340 PANTHER SATA 3 2.5"" AP240GAS340G-1","2.5""",SATA 3,TLC,240,410,505,Nem,Nem,12590
GIGABYTE 128GB NVMe SSD M.2 PCIe M.2 2280 GP-GSM2NE3128GNTD,M.2 2280,M.2 PCIe,TLC,128,550,1550,Nem,Nem,12189
"INTENSO 480GB High SATA 3 2.5"" 3813450","2.5""",SATA 3,MLC,480,500,520,Nem,Nem,17990
"INTENSO 512GB Top SATA 3 2.5"" 3812450","2.5""",SATA 3,MLC,512,490,520,Nem,Nem,17490
KINGSTON 120GB A400 M.2 SATA M.2 2280 SA400M8/120G,M.2 2280,M.2 SATA,TLC,120,320,500,Nem,Nem,9590
"PNY 480GB CS900 SATA 3 2.5"" SSD7CS900-480-PB","2.5""",SATA 3,TLC,480,470,555,Nem,Nem,17690
"SAMSUNG 1TB 860 PRO SATA 3 2.5"" MZ-76P1T0B/EU","2.5""",SATA 3,MLC,1000,530,560,Nem,Nem,84091
"ADATA 256GB Ultimate SU800 SATA 3 2.5"" ASU800SS-256GT-C","2.5""",SATA 3,TLC,256,520,560,Nem,Nem,15790
ADATA 256GB XPG SPECTRIX S40G RGB M.2 PCIe M.2 2280 AS40G-256GT-C,M.2 2280,M.2 PCIe,TLC,256,1200,3500,Igen,Nem,18691
ADATA 512GB XPG GAMMIX S5 M.2 PCIe M.2 2280 AGAMMIXS5-512GT-C,M.2 2280,M.2 PCIe,TLC,512,1500,2100,Nem,Igen,24889
APACER 240GB AS2280P4 M.2 PCIe M.2 2280 AP240GAS2280P4-1,M.2 2280,M.2 PCIe,TLC,240,1100,1800,Nem,Nem,12390
"TEAM GROUP 120GB GX1 SATA 3 2.5"" T253X1120G0C101","2.5""",SATA 3,TLC,120,320,500,Nem,Nem,10090
ADATA 256GB XPG GAMMIX S5 M.2 PCIe M.2 2280 AGAMMIXS5-256GT-C,M.2 2280,M.2 PCIe,TLC,256,1200,2100,Nem,Igen,16090
TRANSCEND 256GB 110s M.2 PCIe M.2 2280 TS256GMTE110S,M.2 2280,M.2 PCIe,TLC,256,1500,1800,Nem,Nem,13790
"INTEGRALMEMORY 120GB P5 SATA 3 2.5"" INSSD120GS625P5","2.5""",SATA 3,TLC,120,540,560,Nem,Nem,10890
INTENSO 256GB Top M.2 SATA M.2 2280 3832440,M.2 2280,M.2 SATA,MLC,256,400,520,Nem,Nem,11090
"KINGMAX 120GB SMV32 SATA 3 2.5"" KM120GSMV32","2.5""",SATA 3,TLC,120,300,500,Nem,Nem,9190
"SANDISK 240GB Plus SATA 3 2.5"" SDSSDA-240G-G26","2.5""",SATA 3,MLC,240,440,530,Nem,Nem,16090
"SILICON POWER 256GB Ace A55 SATA 3 2.5"" SP256GBSS3A55S25","2.5""",SATA 3,TLC,256,450,500,Nem,Nem,12490
ADATA 1TB Swordfish M.2 PCIe M.2 2280 ASWORDFISH-1T-C,M.2 2280,M.2 PCIe,TLC,1000,1200,1800,Nem,Igen,42589
"ADATA 240GB Ultimate SU630 SATA 3 2.5"" ASU630SS-240GQ-R","2.5""",SATA 3,QLC,240,450,520,Nem,Nem,12790
"CRUCIAL 2TB MX500 SATA 3 2.5"" CT2000MX500SSD1","2.5""",SATA 3,TLC,2000,510,560,Nem,Nem,77589
GIGABYTE 500GB AORUS Gen4 M.2 PCIe M.2 2280 GP-AG4500G,M.2 2280,M.2 PCIe,TLC,500,2500,5000,Nem,Nem,37589
INTEL 2TB 660P M.2 PCIe M.2 2280 SSDPEKNW020T801,M.2 2280,M.2 PCIe,QLC,2000,1800,1800,Nem,Nem,85289
"KINGMAX 240GB SMV32 SATA 3 2.5"" KM240GSMV32","2.5""",SATA 3,TLC,240,300,500,Nem,Nem,12790
PATRIOT 512GB VPN100 M.2 PCIe M.2 2280 VPN100-512GM28H,M.2 2280,M.2 PCIe,TLC,512,2200,3300,Nem,Igen,28590
"SAMSUNG 1TB 870 EVO SATA 3 2.5"" MZ-77E1T0B/EU (Basic garancia)","2.5""",SATA 3,TLC,1000,530,560,Nem,Nem,41290
TRANSCEND 120GB MTS820 M.2 SATA M.2 2280 TS120GMTS820S,M.2 2280,M.2 SATA,MLC,120,510,560,Nem,Nem,8490
TRANSCEND 2TB 220S M.2 PCIe M.2 2280 TS2TMTE220S,M.2 2280,M.2 PCIe,TLC,2000,2700,3500,Nem,Nem,103190
"VERBATIM 128GB Vi550 S3 SATA 3 2.5"" 49350","2.5""",SATA 3,TLC,128,425,560,Nem,Nem,9489
APACER 256GB AS2280P4 M.2 PCIe M.2 2280 AP256GAS2280P4-1,M.2 2280,M.2 PCIe,TLC,256,1100,1800,Nem,Nem,13590
"APACER 512GB AS350 Panther SATA 3 2.5"" 95.DB2E0.P100C","2.5""",SATA 3,TLC,512,510,540,Nem,Nem,20290
KINGMAX 256GB PQ3480 M.2 PCIe M.2 2280 KMPQ3480-256G,M.2 2280,M.2 PCIe,TLC,256,1200,1950,Nem,Nem,13590
"PATRIOT 512GB P210 SATA 3 2.5"" P210S512G25","2.5""",SATA 3,TLC,512,430,520,Nem,Nem,20991
"SILICON POWER 128GB Ace A55 SATA 3 2.5"" SP128GBSS3A55S25","2.5""",SATA 3,TLC,128,450,500,Nem,Nem,8590
ADATA 1TB Gammix S50 Lite M.2 PCIe M.2 2280 AGAMMIXS50L-1T-C,M.2 2280,M.2 PCIe,TLC,1000,3200,3900,Nem,Igen,52189
CRUCIAL 250GB MX500 M.2 SATA M.2 2280 CT250MX500SSD4,M.2 2280,M.2 SATA,TLC,250,510,560,Nem,Nem,14990
INTENSO 128GB Top M.2 SATA M.2 2280 3832430,M.2 2280,M.2 SATA,MLC,128,300,520,Nem,Nem,7590
KINGSTON 500GB KC2500 M.2 PCIe M.2 2280 SKC2500M8/500G,M.2 2280,M.2 PCIe,TLC,500,2500,3500,Nem,Nem,27490
SAMSUNG 1TB 860 EVO M.2 SATA M.2 2280 MZ-N6E1T0BW (Basic garancia),M.2 2280,M.2 SATA,MLC,1000,520,550,Nem,Nem,41391
SILICON POWER 128GB A55 M.2 SATA M.2 2280 SP128GBSS3A55M28,M.2 2280,M.2 SATA,TLC,128,530,560,Nem,Nem,8790
"SILICON POWER 1TB Ace A55 SATA 3 2.5"" SP001TBSS3A55S25","2.5""",SATA 3,TLC,1000,450,500,Nem,Nem,34190
"WD 2TB Blue SATA 3 2.5"" WDS200T2B0A","2.5""",SATA 3,TLC,2000,530,560,Nem,Nem,79990
CRUCIAL 1TB P2 M.2 PCIe M.2 2280 CT1000P2SSD8,M.2 2280,M.2 PCIe,TLC,1000,1800,2400,Nem,Nem,37990
GIGABYTE 256GB Aorus RGB M.2 PCIe M.2 2280 GP-ASM2NE2256GTTDR,M.2 2280,M.2 PCIe,TLC,256,1050,3100,Igen,Igen,21690
"SANDISK 500GB Ultra SATA 3 2.5"" SDSSDH3-500G-G25","2.5""",SATA 3,MLC,500,530,560,Nem,Nem,25090
SILICON POWER 500GB UD70 M.2 PCIe M.2 2280 SP500GBP34UD7005,M.2 2280,M.2 PCIe,QLC,500,3000,3400,Nem,Nem,23790
TRANSCEND 128GB 110s M.2 PCIe M.2 2280 TS128GMTE110S,M.2 2280,M.2 PCIe,TLC,128,1500,1800,Nem,Nem,11690
CORSAIR 960GB MP510 M.2 PCIe M.2 2280 CSSD-F960GBMP510B,M.2 2280,M.2 PCIe,TLC,960,3000,3840,Nem,Nem,55890
CRUCIAL 250GB P2 M.2 PCIe M.2 2280 CT250P2SSD8,M.2 2280,M.2 PCIe,TLC,250,1150,2100,Nem,Nem,17189
CRUCIAL 500GB P2 M.2 PCIe M.2 2280 CT500P2SSD8,M.2 2280,M.2 PCIe,TLC,500,940,2300,Nem,Nem,20790
"GIGABYTE 1TB Internal SATA 3 2.5"" GP-GSTFS31100TNTD","2.5""",SATA 3,TLC,1000,500,550,Nem,Nem,37390
GIGABYTE 500GB AORUS NVMe GEN4 SSD M.2 PCIe M.2 2280,M.2 2280,M.2 PCIe,TLC,500,2500,5000,Nem,Igen,46990
GOODRAM 240GB S400u M.2 SATA M.2 2242 SSDPR-S400U-240-42,M.2 2242,M.2 SATA,TLC,240,450,550,Nem,Nem,12891
KINGSTON 250GB KC2500 M.2 PCIe M.2 2280 SKC2500M8/250G,M.2 2280,M.2 PCIe,TLC,250,1200,3500,Nem,Nem,17490
SAMSUNG 1TB 980 M.2 PCIe M.2 2280 MZ-V8V1T0BW,M.2 2280,M.2 PCIe,TLC,1000,3000,3500,Nem,Nem,51890
SAMSUNG 512GB 970 PRO M.2 PCIe M.2 2280 MZ-V7P512BW,M.2 2280,M.2 PCIe,MLC,512,2300,3500,Nem,Nem,71290
"SANDISK 480GB Plus SATA 3 2.5"" SDSSDA-480G-G26","2.5""",SATA 3,MLC,480,445,535,Nem,Nem,19190
SILICON POWER 2TB P34A80 M.2 PCIe M.2 2280 SP002TBP34A80M28,M.2 2280,M.2 PCIe,TLC,2000,3000,3200,Nem,Nem,92090
"TRANSCEND 32GB Internal PATA/IDE 2.5"" TS32GPSD330","2.5""",PATA/IDE,MLC,32,67,120,Nem,Nem,17590
TRANSCEND 64GB 230S mSATA TS64GMSA230S,mSATA,mSATA,TLC,64,200,390,Nem,Nem,10690
WD 250GB Blue M.2 SATA M.2 2280 WDS250G2B0B,M.2 2280,M.2 SATA,TLC,250,500,525,Nem,Nem,13890
"APACER 240GB AS350 Panther SATA 3 2.5"" AP240GAS350-1","2.5""",SATA 3,TLC,240,298,310,Nem,Nem,13490
CRUCIAL 250GB P5 M.2 PCIe M.2 2280 CT250P5SSD8,M.2 2280,M.2 PCIe,TLC,250,1400,3400,Nem,Nem,19190
"CRUCIAL 2TB BX500 SATA 3 2.5"" CT2000BX500SSD1","2.5""",SATA 3,TLC,2000,500,540,Nem,Nem,69590
"KINGSTON 512GB KC600 SATA 3 2.5"" SKC600B/512G","2.5""",SATA 3,TLC,512,520,550,Nem,Nem,33790
"PATRIOT 240GB Burst Elite SATA 3 2.5"" PBE240GS25SSDR","2.5""",SATA 3,TLC,240,320,450,Nem,Nem,12690
"SILICON POWER 120GB Slim S55 SATA 3 2.5"" SP120GBSS3S55S25","2.5""",SATA 3,TLC,120,350,500,Nem,Nem,8790
TRANSCEND 128GB 430S M.2 SATA M.2 2242 TS128GMTS430S,M.2 2242,M.2 SATA,TLC,128,500,560,Nem,Nem,10290
ADATA 250GB Swordfish M.2 PCIe M.2 2280 ASWORDFISH-250G-C,M.2 2280,M.2 PCIe,TLC,250,900,1800,Nem,Igen,14690
ADATA 256GB XPG Gammix S11 Pro M.2 PCIe M.2 2280 AGAMMIXS11P-256GT-C,M.2 2280,M.2 SATA,TLC,256,1200,3500,Nem,Igen,18291
ADATA 512GB SX6000 Lite M.2 PCIe M.2 2280 ASX6000LNP-512GT-C,M.2 2280,M.2 PCIe,TLC,512,1200,1800,Nem,Nem,25490
APACER 512GB AS2280P4 M.2 PCIe M.2 2280 AP512GAS2280P4-1,M.2 2280,M.2 PCIe,TLC,512,1500,2100,Nem,Nem,21490
CORSAIR 240GB Force MP510 M.2 PCIe M.2 2280 CSSD-F240GBMP510,M.2 2280,M.2 PCIe,TLC,240,1050,3100,Nem,Nem,19690
"INTENSO 120GB High SATA 3 2.5"" 3813430","2.5""",SATA 3,MLC,120,500,520,Nem,Nem,8691
"SAMSUNG 2TB 870 EVO SATA 3 2.5"" MZ-77E2T0B/EU (Basic garancia)","2.5""",SATA 3,TLC,2000,530,560,Nem,Nem,86990
"TEAM GROUP 240GB GX1 SATA 3 2.5"" T253X1240G0C101","2.5""",SATA 3,TLC,240,400,500,Nem,Nem,12090
TRANSCEND 256GB 230S mSATA TS256GMSA230S,mSATA,mSATA,TLC,256,400,530,Nem,Nem,15690
"VERBATIM 256GB Vi550 S3 SATA 3 2.5"" 49351","2.5""",SATA 3,TLC,256,540,560,Nem,Nem,14190
"ADATA 240GB Ultimate SU650 SATA 3 2.5"" ASU650SS-240GT","2.5""",SATA 3,TLC,240,450,520,Nem,Nem,12690
"ADATA 480GB Ultimate SU630 SATA 3 2.5"" ASU630SS-480GQ-R","2.5""",SATA 3,QLC,480,450,520,Nem,Nem,22290
ADATA 500GB Swordfish M.2 PCIe M.2 2280 ASWORDFISH-500G-C,M.2 2280,M.2 PCIe,TLC,500,1200,1800,Nem,Igen,24489
ADATA 512GB SX6000 Pro M.2 PCIe M.2 2280 ASX6000PNP-512GT-C,M.2 2280,M.2 PCIe,TLC,512,1500,2100,Nem,Nem,24889
APACER 240GB AS2280P2 PRO M.2 PCIe M.2 2280 AP240GAS2280P2PRO-1,M.2 2280,M.2 PCIe,TLC,240,880,1580,Igen,Nem,20190
CORSAIR 1TB MP400 M.2 PCIe M.2 2280 CSSD-F1000GBMP400,M.2 2280,M.2 PCIe,QLC,1000,1880,3480,Nem,Nem,49091
CRUCIAL 1TB P5 M.2 PCIe M.2 2280 CT1000P5SSD8,M.2 2280,M.2 PCIe,TLC,1000,3000,3400,Nem,Nem,52589
"GOODRAM 480GB CL100 Gen.3 SATA 3 2.5"" SSDPR-CL100-480-G3","2.5""",SATA 3,TLC,480,460,540,Nem,Nem,20890
INTENSO 512GB Top M.2 SATA M.2 2280 3832450,M.2 2280,M.2 SATA,MLC,512,490,520,Nem,Nem,18090
KINGMAX 128GB SA 3080 M.2 SATA M.2 2280 KM128SA3080,M.2 2280,M.2 SATA,TLC,128,350,500,Nem,Nem,8490
KINGSTON 1TB KC2500 M.2 PCIe M.2 2280 SKC2500M8/1000G,M.2 2280,M.2 PCIe,TLC,1000,2900,3500,Nem,Nem,46791
KINGSTON 1TB NV1 M.2 PCIe M.2 2280 SNVS/1000G,M.2 2280,M.2 PCIe,TLC,1000,1700,2100,Nem,Nem,36690
"PATRIOT 480GB Burst SATA 3 2.5"" PBU480GS25SSDR","2.5""",SATA 3,TLC,480,455,560,Nem,Nem,23590
PATRIOT 512GB P300 M.2 PCIe M.2 2280 P300P512GM28,M.2 2280,M.2 PCIe,TLC,512,1200,1700,Nem,Nem,21890
SAMSUNG 250GB 980 M.2 PCIe M.2 2280 MZ-V8V250BW,M.2 2280,M.2 PCIe,TLC,250,1300,2900,Nem,Nem,19290
SAMSUNG 2TB 860 EVO M.2 SATA 2280 MZ-N6E2T0BW,M.2 2280,M.2 SATA,MLC,2000,520,550,Nem,Nem,106790
SAMSUNG 500GB 980 M.2 PCIe M.2 2280 MZ-V8V500BW (Basic garancia),M.2 2280,M.2 PCIe,TLC,500,2600,3100,Nem,Nem,26590
SILICON POWER 256GB A55 M.2 SATA M.2 2280 SP256GBSS3A55M28,M.2 2280,M.2 SATA,TLC,256,530,560,Nem,Nem,12690
"SILICON POWER 512GB Ace A55 SATA 3 2.5"" SP512GBSS3A55S25","2.5""",SATA 3,TLC,512,450,500,Nem,Nem,20390
TRANSCEND 960GB JetDrive 850 for Mac M.2 PCIe M.2 2280 TS960GJDM850,M.2 2280,M.2 PCIe,TLC,960,1300,1600,Nem,Nem,90890
WD 2TB Blue SN550 NVMe M.2 PCIe M.2 2280 WDS200T2B0C,M.2 2280,M.2 PCIe,TLC,2000,1800,2600,Nem,Nem,95490
WD 500GB Red SA500 NAS M.2 SATA M.2 2280 WDS500G1R0B,M.2 2280,M.2 SATA,TLC,500,530,560,Nem,Nem,23691
ADATA 128GB SX6000 Lite M.2 PCIe M.2 2280 ASX6000LNP-128GT-C,M.2 2280,M.2 PCIe,TLC,128,600,1800,Nem,Nem,11290
"ADATA 1TB Ultimate SU800 SATA 3 2.5"" ASU800SS-1TT-C","2.5""",SATA 3,TLC,1000,520,550,Nem,Nem,45090
"APACER 1TB AS350 Panther SATA 3 2.5"" 95.DB2G0.P100C","2.5""",SATA 3,TLC,1000,298,310,Nem,Nem,38590
GIGABYTE 1TB AORUS RGB AIC NVMe PCI Express HHHL/PCI Express GP-ASACNE2100TTTDR,HHHL/PCI Express,PCI Express,TLC,1000,3080,3480,Igen,Nem,98990
GIGABYTE 512GB AORUS RGB AIC NVMe PCI Express HHHL/PCI Express GP-ASACNE2512GTTDR,HHHL/PCI Express,PCI Express,TLC,512,2100,3480,Igen,Nem,60090
INTEGRALMEMORY 128GB MO-300 2020 mSATA INSSD128GMSA,mSATA,mSATA,TLC,128,400,480,Nem,Nem,9489
KINGSTON 240GB UV500 M.2 SATA M.2 2280 SUV500M8/240G,M.2 2280,M.2 SATA,TLC,240,500,520,Nem,Nem,14990
KINGSTON 480GB UV500 M.2 SATA M.2 2280 SUV500M8/480G,M.2 2280,M.2 SATA,TLC,480,500,520,Nem,Nem,27890
KIOXIA 250GB Exceria M.2 PCIe M.2 2280 LRC10Z250GG8,M.2 2280,M.2 PCIe,TLC,250,1200,1700,Nem,Nem,19190
KIOXIA 500GB Exceria M.2 PCIe M.2 2280 LRC10Z500GG8,M.2 2280,M.2 PCIe,TLC,500,1600,1700,Nem,Nem,20991
PNY 500GB CS3030 M.2 PCIe M.2 2280 M280CS3030-500-RB,M.2 2280,M.2 PCIe,TLC,500,2000,3500,Nem,Nem,25591
"SANDISK 1TB Plus SATA 3 2.5"" SDSSDA-1T00-G26","2.5""",SATA 3,MLC,1000,450,535,Nem,Nem,38590
SEAGATE 480GB IronWolf 510 M.2 PCIe M.2 2280 ZP480NM30001,M.2 2280,M.2 PCIe,TLC,480,600,2650,Nem,Nem,45390
"TEAM GROUP 500GB DELTA TUF Gaming Alliance RGB SATA 3 2.5"" T253TT500G3C313","2.5""",SATA 3,TLC,500,510,560,Igen,Nem,30890
TOSHIBA 128GB BG4 M.2 PCIe M.2 2230 KBG40ZNS128G,M.2 2230,M.2 PCIe,TLC,128,800,2000,Nem,Nem,16890
TRANSCEND 1TB 110s M.2 PCIe M.2 2280 TS1TMTE110S,M.2 2280,M.2 PCIe,TLC,1000,1700,1500,Nem,Nem,43090
WD 2TB Blue M.2 SATA M.2 2280 WDS200T2B0B,M.2 2280,M.2 SATA,TLC,2000,530,560,Nem,Nem,76391
"WD 2TB Green SATA 3 2.5"" WDS200T2G0A","2.5""",SATA 3,TLC,2000,465,540,Nem,Nem,68790
ADATA 256GB SX6000 Pro M.2 PCIe M.2 2280 ASX6000PNP-256GT-C,M.2 2280,M.2 PCIe,TLC,256,1200,2100,Nem,Nem,17090
CORSAIR 500GB MP600 M.2 PCIe M.2 2280 CSSD-F500GBMP600,M.2 2280,M.2 PCIe,TLC,500,2500,4950,Nem,Igen,41590
CRUCIAL 1TB MX500 M.2 SATA M.2 2280 CT1000MX500SSD4,M.2 2280,M.2 SATA,TLC,1000,510,560,Nem,Nem,51890
"EMTEC 120GB X150 SATA 3 2.5"" ECSSD120GX150","2.5""",SATA 3,TLC,120,500,520,Nem,Nem,9690
GIGABYTE 256GB Internal M.2 PCIe M.2 2280 GP-GSM2NE8256GNTD,M.2 2280,M.2 PCIe,TLC,256,800,1200,Nem,Nem,16391
"GOODRAM 240GB CL100 Gen.3 SATA 3 2.5"" SSDPR-CL100-240-G3","2.5""",SATA 3,TLC,240,400,520,Nem,Nem,12590
KINGMAX 256GB PX3480 M.2 PCIe M.2 2280 KMPX3480-256G,M.2 2280,M.2 PCIe,TLC,256,1000,3000,Nem,Nem,15490
"KINGSTON 1.92TB A400 SATA 3 2.5"" SA400S37/1920G","2.5""",SATA 3,TLC,1920,450,500,Nem,Nem,71791
KINGSTON 500GB NV1 M.2 PCIe M.2 2280 SNVS/500G,M.2 2280,M.2 PCIe,TLC,500,1700,2100,Nem,Nem,20090
"KIOXIA 480GB Exceria SATA 3 2.5"" LTC10Z480GG8","2.5""",SATA 3,TLC,480,540,550,Nem,Nem,19089
"KIOXIA 960GB Exceria SATA 3 2.5"" LTC10Z960GG8","2.5""",SATA 3,TLC,960,540,550,Nem,Nem,35390
PATRIOT 128GB P300 M.2 PCIe M.2 2280 P300P128GM28,M.2 2280,M.2 PCIe,TLC,128,600,1600,Nem,Nem,9889
SAMSUNG 1TB 980 M.2 PCIe M.2 2280 MZ-V8V1T0BW (Basic garancia),M.2 2280,M.2 PCIe,TLC,1000,3000,3500,Nem,Nem,49889
"SANDISK 120GB Plus SATA 3 2.5"" SDSSDA-120G-G27","2.5""",SATA 3,TLC,120,310,530,Nem,Nem,11789
"SEAGATE 960GB IronWolf Pro 125 SATA 3 2.5"" ZA960NX10001","2.5""",SATA 3,TLC,960,520,545,Nem,Nem,79390
SILICON POWER 1TB A60 M.2 PCIe M.2 2280 SP001TBP34A60M28,M.2 2280,M.2 PCIe,TLC,1000,1600,2200,Nem,Nem,38090
"SILICON POWER 480GB S55 SATA 3 2.5"" SP480GBSS3S55S25","2.5""",SATA 3,TLC,480,480,540,Nem,Nem,19990
SILICON POWER 512GB A60 M.2 2280 SP512GBP34A60M28,M.2 2280,M.2 PCIe,TLC,512,1600,2200,Nem,Nem,22990
"TEAM GROUP 960GB GX1 SATA 3 2.5"" T253X1960G0C101","2.5""",SATA 3,TLC,960,480,530,Nem,Nem,33590
"TOSHIBA 240GB TR200 SATA 3 2.5"" TR200 25SAT3-240G","2.5""",SATA 3,TLC,240,540,555,Nem,Nem,13691
TRANSCEND 128GB 230S mSATA TS128GMSA230S,mSATA,mSATA,TLC,128,400,550,Nem,Nem,10991
"TRANSCEND 128GB Internal PATA/IDE 2.5"" TS128GPSD330","2.5""",PATA/IDE,MLC,128,67,119,Nem,Nem,54091
TRANSCEND 240GB MTS820 M.2 SATA M.2 2280 TS240GMTS820S,M.2 2280,M.2 SATA,MLC,240,510,560,Nem,Nem,12189
TRANSCEND 256GB 830S M.2 SATA M.2 2280 TS256GMTS830S,M.2 2280,M.2 SATA,TLC,256,500,560,Nem,Nem,14690
TRANSCEND 64GB 370S mSATA TS64GMSA370S,mSATA,mSATA,TLC,64,200,530,Nem,Nem,12189
"VERBATIM 512GB Vi550 S3 SATA 3 2.5"" 49352","2.5""",SATA 3,TLC,512,540,560,Nem,Nem,23990
WD 1TB Red SA500 NAS M.2 SATA M.2 2280 WDS100T1R0B,M.2 2280,M.2 SATA,TLC,1000,530,560,Nem,Nem,40590
"ADATA 1.92TB Ultimate SU650 SATA 3 2.5"" ASU630SS-1T92Q-R","2.5""",SATA 3,QLC,1920,450,520,Nem,Nem,72690
"ADATA 1TB Ultimate SU750 SATA 3 2.5"" ASU750SS-1TT-C","2.5""",SATA 3,TLC,1000,520,550,Nem,Nem,42390
ADATA 2TB Gammix S50 Lite M.2 PCIe M.2 2280 AGAMMIXS50L-2T-C,M.2 2280,M.2 PCIe,TLC,2000,3200,3900,Nem,Igen,102591
"ADATA 2TB Ultimate SU800 SATA 3 2.5"" ASU800SS-2TT-C","2.5""",SATA 3,TLC,2000,500,550,Nem,Nem,88790
ADATA 2TB XPG Gammix S11 Pro M.2 PCIe M.2 2280 AGAMMIXS11P-2TT-C,M.2 2280,M.2 PCIe,TLC,2000,3000,3500,Nem,Igen,96690
APACER 1TB AS2280P4 M.2 PCIe M.2 2280 AP1TBAS2280P4-1,M.2 2280,M.2 PCIe,TLC,1000,2000,3000,Nem,Nem,43190
APACER 240GB AST280 M.2 SATA M.2 2280 AP240GAST280-1,M.2 2280,M.2 SATA,TLC,240,495,520,Nem,Nem,14190
"APACER 256GB AS350 Panther SATA 3 2.5"" 95.DB2A0.P100C","2.5""",SATA 3,TLC,256,298,310,Nem,Nem,14190
CORSAIR 480GB MP510 M.2 PCIe M.2 2280 CSSD-F480GBMP510B,M.2 2280,M.2 PCIe,TLC,480,2000,3840,Nem,Nem,29990
"CRUCIAL 960GB BX500 SATA 3 2.5"" CT960BX500SSD1","2.5""",SATA 3,TLC,960,500,540,Nem,Nem,36190
GOODRAM 256GB IRDM M.2 PCIe M.2 2280 IR-SSDPR-P34B-256-80,M.2 2280,M.2 PCIe,TLC,256,1000,3000,Nem,Nem,15991
HP 120GB EX900 M.2 PCIe M.2 2280 2YY42AA,M.2 2280,M.2 PCIe,TLC,120,1300,2100,Nem,Nem,11890
HP 250GB EX900 M.2 PCIe M.2 2280 2YY43AA,M.2 2280,M.2 PCIe,TLC,250,1300,2100,Nem,Nem,16490
"HP 500GB S700 SATA 3 2.5"" 2DP99AA","2.5""",SATA 3,TLC,500,515,555,Nem,Nem,24489
"INTEGRALMEMORY 240GB P5 SATA 3 2.5"" INSSD240GS625P5","2.5""",SATA 3,TLC,240,540,560,Nem,Nem,13190
INTEGRALMEMORY 512GB MO-300 2020 mSATA INSSD512GMSA,mSATA,mSATA,TLC,512,450,520,Nem,Nem,25490
INTEL 1TB 760p Series M.2 PCIe M.2 2280 SSDPEKKW010T8X1,M.2 2280,M.2 PCIe,TLC,1000,1625,3230,Nem,Nem,66190
"INTENSO 960GB High SATA 3 2.5"" 3813460","2.5""",SATA 3,MLC,960,500,520,Nem,Nem,32290
"KINGSTON 256GB KC600 SATA 3 2.5"" SKC600B/256G","2.5""",SATA 3,TLC,256,500,550,Nem,Nem,22189
KINGSTON 2TB KC2500 M.2 PCIe M.2 2280 SKC2500M8/2000G,M.2 2280,M.2 PCIe,TLC,2000,2900,3500,Nem,Nem,98990
KINGSTON 480GB A400 M.2 SATA M.2 2280 SA400M8/480G,M.2 2280,M.2 SATA,TLC,480,450,500,Nem,Nem,21290
KIOXIA 1TB Exceria M.2 PCIe M.2 2280 LRC10Z001TG8,M.2 2280,M.2 PCIe,TLC,1000,1600,1700,Nem,Nem,37189
OWC 1TB Aura Pro X2 M.2 PCIe 2280 OWCS3DAPT4MB10,M.2 2280,M.2 PCIe,TLC,1000,2400,3200,Nem,Nem,88389
OWC 480GB Aura Pro X2 M.2 PCIe 2280 OWCS3DAPT4MB05,M.2 2280,M.2 PCIe,TLC,480,2400,3200,Nem,Nem,50289
"PATRIOT 128GB P210 SATA 3 2.5"" P210S128G25","2.5""",SATA 3,TLC,128,430,450,Nem,Nem,8790
"PHILIPS 120 Ultra Speed SATA 3 2.5"" PH511095","2.5""",SATA 3,TLC,120,480,550,Nem,Nem,10090
PNY 1TB CS3030 M.2 PCIe M.2 2280 M280CS3030-1TB-RB,M.2 2280,M.2 PCIe,TLC,1000,3000,3500,Nem,Nem,48590
PNY 250GB CS3030 M.2 PCIe M.2 2280 M280CS3030-250-RB,M.2 2280,M.2 PCIe,TLC,250,1050,3500,Nem,Nem,16990
"SEAGATE 500GB FireCuda 120 SATA 3 2.5"" ZA500GM1A001","2.5""",SATA 3,TLC,500,540,560,Nem,Nem,35390
"SEAGATE 960GB Maxtor Z1 SATA 3 2.5"" YA960VC1A001","2.5""",SATA 3,TLC,960,475,540,Nem,Nem,35790
"SILICON POWER 120GB Slim S55 SATA 3 2.5"" Upgrade Kit SP120GBSS3S55S27","2.5""",SATA 3,TLC,120,350,500,Nem,Nem,12490
"SILICON POWER 240GB Slim S56 SATA 3 2.5"" SP240GBSS3S56B25","2.5""",SATA 3,TLC,240,430,460,Nem,Nem,13691
TEAM GROUP 1TB Cardea IOPS M.2 PCIe M.2 2280 TM8FPI001T0C322,M.2 2280,M.2 PCIe,TLC,1000,3000,3400,Nem,Igen,53390
"TEAM GROUP 500GB Delta Max SATA 3 2.5"" T253TM500G3C302","2.5""",SATA 3,TLC,500,510,560,Igen,Nem,33890
"TEAM GROUP 512GB CX2 SATA 3 2.5"" T253X6512G0C101","2.5""",SATA 3,TLC,512,470,530,Nem,Nem,20490
"TEAM GROUP 512GB Vulcan G SATA 3 2.5"" T253TG512G3C301","2.5""",SATA 3,TLC,512,500,550,Igen,Nem,20190
"TRANSCEND 256GB SSD230 SATA 3 2.5"" TS256GSSD230S","2.5""",SATA 3,TLC,256,500,560,Nem,Nem,17290
"TRANSCEND 2TB SSD220Q SATA 3 2.5"" TS2TSSD220Q","2.5""",SATA 3,QLC,2000,500,550,Nem,Nem,76690
TRANSCEND 480GB JetDrive 820 M.2 PCIe M.2 2280 TS480GJDM820,M.2 2280,M.2 PCIe,TLC,480,950,950,Nem,Nem,73690
"TRANSCEND 512GB SSD230 SATA 3 2.5"" TS512GSSD230S","2.5""",SATA 3,TLC,512,510,560,Nem,Nem,30790
UMAX 256GB Internal M.2 SATA M.2 2242 UMM250002,M.2 2242,M.2 SATA,TLC,256,450,500,Nem,Nem,16990
ADATA 120GB SU650 M.2 SATA M.2 2280 ASU650NS38-120GT-C,M.2 2280,M.2 SATA,TLC,120,510,550,Nem,Nem,10690
ADATA 1TB XPG GAMMIX S5 M.2 PCIe M.2 2280 AGAMMIXS5-1TT-C,M.2 2280,M.2 PCIe,TLC,1000,1500,2100,Nem,Igen,47390
ADATA 256GB SX6000 Lite M.2 PCIe M.2 2280 ASX6000LNP-256GT-C,M.2 2280,M.2 PCIe,TLC,256,900,1800,Nem,Nem,16290
ADATA 256GB Ultimate SU800 M.2 SATA M.2 2280 ASU800NS38-256GT-C,M.2 2280,M.2 SATA,TLC,256,520,560,Nem,Nem,16990
ADATA 2TB XPG GAMMIX S5 M.2 PCIe M.2 2280 AGAMMIXS5-2TT-C,M.2 2280,M.2 PCIe,TLC,2000,1500,2100,Nem,Igen,84891
ADATA 2TB XPG SPECTRIX S40G RGB M.2 PCIe M.2 2280 AS40G-2TT-C,M.2 2280,M.2 PCIe,TLC,2000,3000,3500,Igen,Nem,91890
"ADATA 480GB Ultimate SU650 SATA 3 2.5"" ASU650SS-480GT","2.5""",SATA 3,TLC,480,450,520,Nem,Nem,20290
ADATA 512GB Ultimate SU800 M.2 SATA M.2 2280 ASU800NS38-512GT-C,M.2 2280,M.2 SATA,TLC,512,520,560,Nem,Nem,25390
APACER 480GB AS2280P4 M.2 PCIe M.2 2280 AP480GAS2280P4-1,M.2 2280,M.2 PCIe,TLC,480,2100,1500,Nem,Nem,22290
"APACER 480GB AS340 PANTHER SATA 3 2.5"" AP480GAS340G-1","2.5""",SATA 3,TLC,480,450,550,Nem,Nem,19690
"APACER 480GB AS350 Panther SATA 3 2.5"" AP480GAS350-1","2.5""",SATA 3,TLC,480,350,450,Nem,Nem,22790
APACER 500GB AS2280Q4 M.2 PCIe M.2 2280 AP500GAS2280Q4-1,M.2 2280,M.2 PCIe,TLC,500,2500,5000,Nem,Igen,41590
EMTEC 256GB X250 M.2 SATA M.2 2280 ECSSD256GX250,M.2 2280,M.2 SATA,TLC,256,500,520,Nem,Nem,16090
"GOODRAM 120GB CL100 Gen.3 SATA 3 2.5"" SSDPR-CL100-120-G3","2.5""",SATA 3,TLC,120,360,500,Nem,Nem,8890
"HP 120GB S700 SATA 3 2.5"" 2DP97AA","2.5""",SATA 3,TLC,120,480,550,Nem,Nem,11391
INTEGRALMEMORY 256GB MO-300 2020 mSATA INSSD256GMSA,mSATA,mSATA,TLC,256,400,500,Nem,Nem,14489
INTEL 512GB 545s Series M.2 SATA M.2 2280 SSDSCKKW512G8X1,M.2 2280,M.2 SATA,TLC,512,500,550,Nem,Nem,24190
KINGMAX 1TB PQ3480 M.2 PCIe M.2 2280 KMPQ3480-1TB,M.2 2280,M.2 PCIe,TLC,1000,1800,1950,Nem,Nem,40090
"KINGMAX 480GB SMQ SATA 3 2.5"" KM480GSMQ32","2.5""",SATA 3,QLC,480,480,540,Nem,Nem,20390
"KINGMAX 480GB SMV32 SATA 3 2.5"" KM480GSMV32","2.5""",SATA 3,TLC,480,480,500,Nem,Nem,20290
KINGSTON 1TB KC600 mSATA SKC600MS/1024G,mSATA,mSATA,TLC,1000,520,550,Nem,Nem,48190
"KINGSTON 1TB KC600 SATA 3 2.5"" SKC600B/1024G","2.5""",SATA 3,TLC,1000,520,550,Nem,Nem,58790
KINGSTON 256GB KC600 mSATA SKC600MS/256G,mSATA,mSATA,TLC,256,500,550,Nem,Nem,15890
"KINGSTON 2TB KC600 SATA 3 2.5"" SKC600/2048G","2.5""",SATA 3,TLC,2000,520,550,Nem,Nem,102191
KINGSTON 2TB NV1 M.2 PCIe M.2 2280 SNVS/2000G,M.2 2280,M.2 PCIe,TLC,2000,1700,2100,Nem,Nem,74590
LCPOWER 512GB Phenom Pro M.2 PCIe M.2 2280 LC-M2-NVME-PRO-512GB,M.2 2280,M.2 PCIe,TLC,512,2000,3200,Nem,Nem,30190
"PATRIOT 1TB P210 SATA 3 2.5"" P210S1TB25","2.5""",SATA 3,TLC,1000,430,520,Nem,Nem,39290
PATRIOT 1TB VPN100 M.2 PCIe M.2 2280 VPN100-1TBM28H,M.2 2280,M.2 PCIe,TLC,1000,3000,3450,Nem,Igen,52790
"PATRIOT 2TB P200 SATA 3 2.5"" P200S2TB25","2.5""",SATA 3,TLC,2000,460,530,Nem,Nem,79990
PATRIOT 2TB VPN100 M.2 PCIe M.2 2280 VPN100-2TBM28H,M.2 2280,M.2 PCIe,TLC,2000,3100,3000,Nem,Igen,105390
"PATRIOT 480GB Burst Elite SATA 3 2.5"" PBE480GS25SSDR","2.5""",SATA 3,TLC,480,320,450,Nem,Nem,19190
"SANDISK 2TB Ultra 3D SATA 3 2.5"" SDSSDH3-2T00-G25","2.5""",SATA 3,TLC,2000,530,560,Nem,Nem,86791
"SEAGATE 250GB BarraCuda 120 SATA 3 2.5"" ZA250CM10003","2.5""",SATA 3,TLC,250,540,560,Nem,Nem,17690
SEAGATE 500GB Barracuda Q5 M.2 PCIe M.2 2280 ZP500CV30001,M.2 2280,M.2 PCIe,QLC,500,900,2300,Nem,Nem,23590
"SILICON POWER 120GB Slim S60 SATA 3 2.5"" SP120GBSS3S60S25","2.5""",SATA 3,MLC,120,460,520,Nem,Nem,9489
SILICON POWER 1TB A55 M.2 SATA M.2 2280 SP001TBSS3A55M28,M.2 2280,M.2 SATA,TLC,1000,530,560,Nem,Nem,39590
"SILICON POWER 2TB Ace A55 SATA 3 2.5"" SP002TBSS3A55S25","2.5""",SATA 3,TLC,2000,450,500,Nem,Nem,82989
SILICON POWER 2TB UD70 M.2 PCIe M.2 2280 SP02KGBP34UD7005,M.2 2280,M.2 PCIe,QLC,2000,3000,3400,Nem,Nem,83590
"SILICON POWER 60GB Slim S55 SATA 3 2.5"" SP060GBSS3S55S25","2.5""",SATA 3,MLC,60,510,540,Nem,Nem,8691
"SILICON POWER 960GB Slim S55 SATA 3 2.5"" SP960GBSS3S55S25","2.5""",SATA 3,TLC,960,450,500,Nem,Nem,37589
"TEAM GROUP 1TB EX2 SATA 3 2.5"" T253E2001T0C101","2.5""",SATA 3,TLC,1000,520,550,Nem,Nem,37090
TEAM GROUP 1TB MP33 M.2 PCIe M.2 2280 TM8FP6001T0C101,M.2 2280,M.2 PCIe,TLC,1000,1500,1800,Nem,Nem,41690
TEAM GROUP 1TB MP34 M.2 PCIe M.2 2280 TM8FP4001T0C101,M.2 2280,M.2 PCIe,TLC,1000,2600,3000,Nem,Nem,48790
"TEAM GROUP 1TB Vulcan G SATA 3 2.5"" T253TG001T3C301","2.5""",SATA 3,TLC,1000,500,550,Igen,Nem,36190
"TEAM GROUP 250GB Delta RGB White SSD SATA 3 2.5"" T253TR250G3C413","2.5""",SATA 3,TLC,250,500,560,Igen,Nem,22790
TEAM GROUP 256GB MP34 M.2 PCIe M.2 2280 TM8FP4256G0C101,M.2 2280,M.2 PCIe,TLC,256,850,2700,Nem,Nem,16990
"TEAM GROUP 500GB Delta RGB White SSD SATA 3 2.5"" T253TR500G3C413","2.5""",SATA 3,TLC,500,500,560,Igen,Nem,29990
TOSHIBA 1TB RD500 M.2 PCIe M.2 2280 THN-RD50Z0013G8(CS,M.2 2280,M.2 PCIe,TLC,1000,3200,3400,Nem,Nem,60689
"TRANSCEND 120GB SSD220 SATA 3 2.5"" TS120GSSD220S","2.5""",SATA 3,TLC,120,420,550,Nem,Nem,10890
WD 2TB Red SA500 NAS M.2 SATA M.2 2280 WDS200T1R0B,M.2 2280,M.2 SATA,TLC,2000,530,560,Nem,Nem,91390
WD 500GB Black SN750 With Heatsink M.2 PCIe M.2 2280 WDS500G3XHC,M.2 2280,M.2 PCIe,TLC,500,2600,3470,Nem,Igen,46190
"ADATA 1.92TB Ultimate SU650 SATA 3 2.5"" ASU650SS-1T92T-R","2.5""",SATA 3,TLC,1920,450,520,Nem,Nem,73190
"ADATA 1TB SU720 SATA 3 2.5"" ASU720SS-1T-C","2.5""",SATA 3,TLC,1000,450,520,Nem,Nem,43691
ADATA 1TB SX6000 Lite M.2 PCIe M.2 2280 ASX6000LNP-1TT-C,M.2 2280,M.2 PCIe,TLC,1000,1200,1800,Nem,Nem,39590
ADATA 1TB SX6000 Pro M.2 PCIe M.2 2280 ASX6000PNP-1TT-C,M.2 2280,M.2 PCIe,TLC,1000,1500,2100,Nem,Nem,46391
ADATA 1TB Ultimate SU800 M.2 SATA M.2 2280 ASU800NS38-1TT-C,M.2 2280,M.2 SATA,TLC,1000,520,560,Nem,Nem,47189
ADATA 1TB XPG SPECTRIX S20G M.2 PCIe M.2 2280 ASPECTRIXS20G-1T-C,M.2 2280,M.2 PCIe,TLC,1000,1800,2500,Igen,Nem,45490
ADATA 240GB SU650 M.2 SATA M.2 2280 ASU650NS38-240GT-C,M.2 2280,M.2 SATA,TLC,240,510,550,Nem,Nem,14390
"ADATA 250GB SU720 SATA 3 2.5"" ASU720SS-250G-C","2.5""",SATA 3,TLC,250,450,520,Nem,Nem,13890
"ADATA 256GB Ultimate SU650 SATA 3 2.5"" ASU650SS-256GT-R","2.5""",SATA 3,TLC,256,450,520,Nem,Nem,14290
"ADATA 2TB SU720 SATA 3 2.5"" ASU720SS-2T-C","2.5""",SATA 3,TLC,2000,450,520,Nem,Nem,80790
ADATA 2TB Swordfish M.2 PCIe M.2 2280 ASWORDFISH-2T-C,M.2 2280,M.2 PCIe,TLC,2000,1200,1800,Nem,Igen,80790
ADATA 2TB SX6000 Pro M.2 PCIe M.2 2280 ASX6000PNP-2TT-C,M.2 2280,M.2 PCIe,TLC,2000,1500,2100,Nem,Nem,84390
ADATA 480GB SU650 M.2 SATA M.2 2280 ASU650NS38-480GT-C,M.2 2280,M.2 SATA,TLC,480,510,550,Nem,Nem,21990
ADATA 500GB XPG SPECTRIX S20G M.2 PCIe M.2 2280 ASPECTRIXS20G-500G-C,M.2 2280,M.2 PCIe,TLC,500,1800,2500,Igen,Nem,25591
"ADATA 512GB Ultimate SU650 SATA 3 2.5"" ASU650SS-512GT-R","2.5""",SATA 3,TLC,512,450,520,Nem,Nem,22090
"ADATA 960GB Ultimate SU630 SATA 3 2.5"" ASU630SS-960GQ-R","2.5""",SATA 3,QLC,960,450,520,Nem,Nem,38291
"ADATA 960GB Ultimate SU650 SATA 3 2.5"" ASU650SS-960GT","2.5""",SATA 3,TLC,960,450,520,Nem,Nem,38390
"APACER 120GB AS340X SATA 3 2.5"" AP120GAS340XC-1","2.5""",SATA 3,TLC,120,500,550,Nem,Nem,10090
"APACER 128GB AS350X SATA 3 2.5"" AP128GAS350XR-1","2.5""",SATA 3,TLC,128,540,560,Nem,Nem,10490
"APACER 128GB AS510S ProII SATA 3 2.5"" AP128GAS510SB-1","2.5""",SATA 3,MLC,128,380,525,Nem,Nem,16190
APACER 128GB PP3480 M.2 PCIe M.2 2280 AP128GPP3480,M.2 2280,M.2 PCIe,TLC,128,600,2200,Nem,Nem,12390
APACER 128GB PPSS30 mSATA AP128GPPSS30,mSATA,mSATA,TLC,128,465,550,Nem,Nem,12189
"APACER 1TB AS350X SATA 3 2.5"" AP1TBAS350XR-1","2.5""",SATA 3,TLC,1000,540,560,Nem,Nem,41990
APACER 1TB PPSS80 NAS M.2 PCIe M.2 2280 AP1TPPSS80-R,M.2 2280,M.2 PCIe,TLC,1000,485,540,Nem,Nem,64889
"APACER 240GB AS340 PANTHER SATA 3 2.5"" AP240GAS340G-1 OEM","2.5""",SATA 3,TLC,240,410,505,Nem,Nem,12790
"APACER 240GB AS340X SATA 3 2.5"" AP240GAS340XC-1","2.5""",SATA 3,TLC,240,520,550,Nem,Nem,13890
"APACER 256GB AS350X SATA 3 2.5"" AP256GAS350XR-1","2.5""",SATA 3,TLC,256,540,560,Nem,Nem,14290
"APACER 256GB AS510S ProII SATA 3 2.5"" AP256GAS510SB-1","2.5""",SATA 3,MLC,256,410,560,Nem,Nem,23990
APACER 2TB PP3480 M.2 PCIe M.2 2280 AP2TPP3480,M.2 2280,M.2 PCIe,TLC,2000,2100,2500,Nem,Nem,100689
"APACER 2TB PPSS25 NAS SATA 3 2.5"" AP2TPPSS25-R","2.5""",SATA 3,TLC,2000,500,550,Nem,Nem,99790
APACER 480GB AS2280P2 M.2 PCIe M.2 2280 AP480GAS2280P2-1,M.2 2280,M.2 PCIe,TLC,480,950,1580,Nem,Nem,28291
"APACER 480GB AS340X SATA 3 2.5"" AP480GAS340XC-1","2.5""",SATA 3,TLC,480,520,550,Nem,Nem,23090
APACER 480GB AST280 M.2 SATA M.2 2280 AP480GAST280-1,M.2 2280,M.2 SATA,TLC,480,495,520,Nem,Nem,20690
"APACER 512GB AS350X SATA 3 2.5"" AP512GAS350XR-1","2.5""",SATA 3,TLC,512,540,560,Nem,Nem,23490
APACER 512GB PP3480 M.2 PCIe M.2 2280 AP512GPP3480,M.2 2280,M.2 PCIe,TLC,512,2100,2500,Nem,Nem,29390
"APACER 512GB PPSS25 NAS SATA 3 2.5"" AP512GPPSS25-R","2.5""",SATA 3,TLC,512,500,550,Nem,Nem,35991
APACER 512GB PPSS30 mSATA AP512GPPSS30,mSATA,mSATA,TLC,512,465,550,Nem,Nem,30290
APACER 512GB PPSS80 NAS M.2 PCIe M.2 2280 AP512GPPSS80-R,M.2 2280,M.2 PCIe,TLC,512,490,540,Nem,Nem,33990
"APACER 64GB AS510S ProII SATA 3 2.5"" AP64GAS510SB-1","2.5""",SATA 3,MLC,64,205,440,Nem,Nem,12390
"APACER 960GB AS340 PANTHER SATA 3 2.5"" AP960GAS340G-1","2.5""",SATA 3,TLC,960,450,550,Nem,Nem,36690
"APACER 960GB AS340X SATA 3 2.5"" AP960GAS340XC-1","2.5""",SATA 3,TLC,960,510,550,Nem,Nem,39790
"BIOSTAR 120GB S120 SATA 3 2.5"" SA902S2E31","2.5""",SATA 3,TLC,120,440,550,Nem,Nem,8691
BIOSTAR 1TB M700 M.2 PCIe M.2 2280 SS263PME3T,M.2 2280,M.2 PCIe,TLC,1000,1650,2000,Nem,Nem,43490
"BIOSTAR 1TB S120 SATA 3 2.5"" SA902S2E3T","2.5""",SATA 3,TLC,1000,525,550,Nem,Nem,39190
"BIOSTAR 240GB S100 SATA 3 2.5"" SM120S2E32","2.5""",SATA 3,TLC,240,410,530,Nem,Nem,12990
BIOSTAR 256GB M700 M.2 PCIe M.2 2280 SS263PME32,M.2 2280,M.2 PCIe,TLC,256,950,1850,Nem,Nem,16789
"BIOSTAR 512GB S120 SATA 3 2.5"" SA902S2E35","2.5""",SATA 3,TLC,512,525,550,Nem,Nem,24290
CORSAIR 1TB MP600 Core M.2 PCIe M.2 2280 CSSD-F1000GBMP600COR,M.2 2280,M.2 PCIe,QLC,1000,1950,4700,Nem,Igen,59889
CORSAIR 2TB MP400 M.2 PCIe M.2 2280 CSSD-F2000GBMP400,M.2 2280,M.2 PCIe,QLC,2000,3000,3480,Nem,Nem,99590
CRUCIAL 2TB P2 M.2 PCIe M.2 2280 CT2000P2SSD8,M.2 2280,M.2 PCIe,TLC,2000,1900,2400,Nem,Nem,81990
CRUCIAL 2TB P2 M.2 PCIe M.2 2280 CT2000P2SSD8T OEM,M.2 2280,M.2 PCIe,TLC,2000,1900,2400,Nem,Nem,93990
EMTEC 128GB X300 M.2 PCIe M.2 2280 ECSSD128GX300,M.2 2280,M.2 PCIe,TLC,128,500,1500,Nem,Nem,11490
EMTEC 1TB X250 M.2 SATA M.2 2280 ECSSD1TX250,M.2 2280,M.2 SATA,TLC,1000,500,520,Nem,Nem,48290
EMTEC 1TB X300 M.2 PCIe M.2 2280 ECSSD1TX300,M.2 2280,M.2 PCIe,TLC,1000,2000,2500,Nem,Nem,50991
"EMTEC 240GB X150 SATA 3 2.5"" ECSSD240GX150","2.5""",SATA 3,TLC,240,500,520,Nem,Nem,14489
"EMTEC 480GB X150 SATA 3 2.5"" ECSSD480GX150","2.5""",SATA 3,TLC,480,500,520,Nem,Nem,22090
EMTEC 512GB X250 M.2 SATA M.2 2280 ECSSD512GX250,M.2 2280,M.2 SATA,TLC,512,500,520,Nem,Nem,25890
EMTEC 512GB X300 M.2 PCIe M.2 2280 ECSSD512GX300,M.2 2280,M.2 PCIe,TLC,512,1500,1700,Nem,Nem,27790
"EMTEC 960GB X150 SATA 3 2.5"" ECSSD960GX150","2.5""",SATA 3,TLC,960,500,520,Nem,Nem,38090
GOODRAM 1TB IRDM M.2 PCIe M.2 2280 IR-SSDPR-P34B-01T-80,M.2 2280,M.2 PCIe,TLC,1000,2000,3200,Nem,Nem,46190
GOODRAM 1TB PX500 SATA 3 M.2 2280 SSDPR-PX500-01T-80,M.2 2280,SATA 3,TLC,1000,1650,2050,Nem,Nem,49889
"GOODRAM 240GB CX300 SATA 3 2.5"" SSDPR-CX300-240","2.5""",SATA 3,TLC,240,460,550,Nem,Nem,18390
GOODRAM 256GB PX500 SATA 3 M.2 2280 SSDPR-PX500-256-80,M.2 2280,SATA 3,TLC,256,950,1850,Nem,Nem,14889
GOODRAM 512GB PX500 SATA 3 M.2 2280 SSDPR-PX500-512-80,M.2 2280,SATA 3,TLC,512,1600,2000,Nem,Nem,27790
"GOODRAM 960GB CL100 Gen.3 SATA 3 2.5"" SSDPR-CL100-960-G3","2.5""",SATA 3,TLC,960,460,540,Nem,Nem,34489
HP 1TB EX900 M.2 PCIe M.2 2280 5XM46AA,M.2 2280,M.2 PCIe,TLC,1000,1500,2100,Nem,Nem,46490
HP 1TB EX950 M.2 PCIe M.2 2280 5MS23AA,M.2 2280,M.2 PCIe,TLC,1000,2900,3500,Nem,Nem,54889
"HP 1TB S700 SATA 3 2.5"" 6MC15AA","2.5""",SATA 3,TLC,1000,523,561,Nem,Nem,42690
HP 2TB EX950 M.2 PCIe M.2 2280 5MS24AA,M.2 2280,M.2 PCIe,TLC,2000,2900,3500,Nem,Nem,103990
HP 500GB EX900 M.2 PCIe M.2 2280 2YY44AA,M.2 2280,M.2 PCIe,TLC,500,1500,2100,Nem,Nem,24590
HP 512GB EX950 M.2 PCIe M.2 2280 5MS22AA,M.2 2280,M.2 PCIe,TLC,512,2250,3500,Nem,Nem,30991
"INTEGRALMEMORY 120GB C Series SATA 3 2.5"" INSSD120GS625C1","2.5""",SATA 3,TLC,120,400,515,Nem,Nem,8790
"INTEGRALMEMORY 120GB V Series (V2) SATA 3 2.5"" INSSD120GS625V2","2.5""",SATA 3,TLC,120,300,460,Nem,Nem,8890
INTEGRALMEMORY 240GB UltimaPro X v2 M.2 PCIe M.2 2280 INSSD240GM280NUPX2,M.2 2280,M.2 PCIe,TLC,240,1050,3300,Nem,Nem,17189
"INTEGRALMEMORY 240GB V Series SATA 3 2.5"" INSSD240GS625V2","2.5""",SATA 3,TLC,240,400,500,Nem,Nem,13291
INTEGRALMEMORY 512GB 22x80 M.2 SATA M.2 2280 INSSD512GM280,M.2 2280,M.2 SATA,TLC,512,450,520,Nem,Nem,24790
"INTEGRALMEMORY 960GB P5 SATA 3 2.5"" INSSD960GS625P5","2.5""",SATA 3,TLC,960,540,560,Nem,Nem,39390
INTENSO 120GB High Performance M.2 PCIe M.2 2280 3834430,M.2 2280,M.2 PCIe,TLC,120,800,1700,Nem,Nem,11990
INTENSO 120GB High Performance M.2 SATA M.2 2280 3833430,M.2 2280,M.2 SATA,TLC,120,500,520,Nem,Nem,8890
INTENSO 1TB Top M.2 SATA M.2 2280 3832460,M.2 2280,M.2 SATA,TLC,1000,420,520,Nem,Nem,35890
"INTENSO 1TB Top SATA 3 2.5"" 3812460","2.5""",SATA 3,TLC,1000,420,520,Nem,Nem,35890
INTENSO 240GB High Performance M.2 PCIe M.2 2280 3834440,M.2 2280,M.2 PCIe,TLC,240,800,1700,Nem,Nem,11890
INTENSO 240GB High Performance M.2 SATA M.2 2280 3833440,M.2 2280,M.2 SATA,TLC,240,500,520,Nem,Nem,12590
INTENSO 480GB High Performance M.2 PCIe M.2 2280 3834450,M.2 2280,M.2 PCIe,TLC,480,800,1700,Nem,Nem,22690
INTENSO 480GB High Performance M.2 SATA M.2 2280 3833450,M.2 2280,M.2 SATA,TLC,480,500,520,Nem,Nem,20790
"KINGMAX 960GB SMQ SATA 3 2.5"" KM960GSMQ32","2.5""",SATA 3,QLC,960,480,540,Nem,Nem,36391
"KINGMAX 960GB SMV32 SATA 3 2.5"" KM960GSMV32","2.5""",SATA 3,TLC,960,480,500,Nem,Nem,36391
"KINGSTON 1.92TB UV500 SATA 3 2.5"" SUV500/1920G","2.5""",SATA 3,TLC,1920,500,520,Nem,Nem,100090
"KINGSTON 2TB KC600 SATA 3 2.5"" SKC600B/2048G","2.5""",SATA 3,TLC,2000,520,550,Nem,Nem,103990
KINGSTON 512GB KC600 mSATA SKC600MS/512G,mSATA,mSATA,TLC,512,520,550,Nem,Nem,25991
"KINGSTON 960GB UV500 SATA 3 2.5"" SUV500/960G","2.5""",SATA 3,TLC,960,500,520,Nem,Nem,45690
KIOXIA 1TB Exceria Plus M.2 PCIe M.2 2280 LRD10Z001TG8,M.2 2280,M.2 PCIe,TLC,1000,3200,3400,Nem,Nem,64390
KIOXIA 500GB Exceria Plus M.2 PCIe M.2 2280 LRD10Z500GG8,M.2 2280,M.2 PCIe,TLC,500,2500,3400,Nem,Nem,32290
LCPOWER 1TB Phenom M.2 PCIe M.2 2280 LC-M2-NVME-1TB,M.2 2280,M.2 PCIe,TLC,1000,1500,1800,Nem,Nem,45390
LCPOWER 1TB Phenom Pro M.2 PCIe M.2 2280 LC-M2-NVME-PRO-1TB,M.2 2280,M.2 PCIe,TLC,1000,2500,3200,Nem,Nem,53490
"LCPOWER 240GB Phoenix SATA 3 2.5"" LC-SSD-240GB","2.5""",SATA 3,TLC,240,450,510,Nem,Nem,14390
LCPOWER 256GB Phenom M.2 PCIe M.2 2280 LC-M2-NVME-256GB,M.2 2280,M.2 PCIe,TLC,256,1000,1600,Nem,Nem,16789
"LCPOWER 480GB Phoenix SATA 3 2.5"" LC-SSD-480GB","2.5""",SATA 3,TLC,480,470,550,Nem,Nem,22990
LCPOWER 512GB Phenom M.2 PCIe M.2 2280 LC-M2-NVME-512GB,M.2 2280,M.2 PCIe,TLC,512,1400,1700,Nem,Nem,24889
"LCPOWER 960GB Phoenix SATA 3 2.5"" LC-SSD-960GB","2.5""",SATA 3,TLC,960,500,550,Nem,Nem,39091
"LEXAR 128GB NS100 SATA 3 2.5"" LNS100-128RB","2.5""",SATA 3,TLC,128,520,520,Nem,Nem,10790
LEXAR 1TB NM610 M.2 PCIe M.2 2280 LNM610-1TRB,M.2 2280,M.2 PCIe,TLC,1000,1600,2100,Nem,Nem,43691
LEXAR 1TB NM700 M.2 PCIe M.2 2280 LNM700-1TRB,M.2 2280,M.2 PCIe,TLC,1000,2000,3500,Nem,Nem,51490
LEXAR 250GB NM610 M.2 PCIe M.2 2280 LNM610-250RB,M.2 2280,M.2 PCIe,TLC,250,1200,2000,Nem,Nem,15690
LEXAR 256GB NM100 M.2 SATA M.2 2280 LNM100-256RB,M.2 2280,M.2 SATA,TLC,256,550,550,Nem,Nem,13990
LEXAR 256GB NM620 M.2 PCIe M.2 2280 LNM620X256G-RNNNG,M.2 2280,M.2 PCIe,TLC,256,1300,3000,Nem,Nem,17790
LEXAR 256GB NM700 M.2 PCIe M.2 2280 LNM700-256RB,M.2 2280,M.2 PCIe,TLC,256,1200,3500,Nem,Nem,20991
"LEXAR 256GB NS100 SATA 3 2.5"" LNS100-256RB","2.5""",SATA 3,TLC,256,520,520,Nem,Nem,15490
LEXAR 500GB NM610 M.2 PCIe M.2 2280 LNM610-500RB,M.2 2280,M.2 PCIe,TLC,500,1600,2100,Nem,Nem,24790
LEXAR 512GB NM100 M.2 SATA M.2 2280 LNM100-512RB,M.2 2280,M.2 SATA,TLC,512,550,550,Nem,Nem,21789
LEXAR 512GB NM620 M.2 PCIe M.2 2280 LNM620X512G-RNNNG,M.2 2280,M.2 PCIe,TLC,512,2400,3000,Nem,Nem,26490
LEXAR 512GB NM700 M.2 PCIe M.2 2280 LNM700-512RB,M.2 2280,M.2 PCIe,TLC,512,2000,3500,Nem,Nem,31590
"LEXAR 512GB NS100 SATA 3 2.5"" LNS100-512RB","2.5""",SATA 3,TLC,512,550,550,Nem,Nem,21789
MEDIARANGE 128GB MR1021 M.2 SATA M.2 2280,M.2 2280,M.2 SATA,TLC,128,430,510,Nem,Nem,9590
"MEDIARANGE 240GB MR1002 SATA 3 2.5"" MR1002","2.5""",SATA 3,TLC,240,450,500,Nem,Nem,13390
"MEDIARANGE 480GB MR1003 SATA 3 2.5"" MR1003","2.5""",SATA 3,TLC,480,480,500,Nem,Nem,23090
"MEDIARANGE 960GB MR1004 SATA 3 2.5"" MR1004","2.5""",SATA 3,TLC,960,480,550,Nem,Nem,39190
MUSHKIN 120GB Pilot M.2 PCIe M.2 2280 MKNSSDPL120GB-D8,M.2 2280,M.2 PCIe,TLC,120,515,1215,Nem,Nem,14590
"MUSHKIN 120GB Source SATA 3 2.5"" MKNSSDSR120GB","2.5""",SATA 3,TLC,120,440,510,Nem,Nem,10490
MUSHKIN 1TB Helix-L M.2 PCIe M.2 2280 MKNSSDHL1TB-D8,M.2 2280,M.2 PCIe,TLC,1000,1700,2110,Nem,Nem,43390
MUSHKIN 1TB Pilot-E M.2 PCIe M.2 2280 MKNSSDPE1TB-D8,M.2 2280,M.2 PCIe,TLC,1000,3000,3500,Nem,Nem,52989
MUSHKIN 250GB Helix-L M.2 PCIe M.2 2280 MKNSSDHL250GB-D8,M.2 2280,M.2 PCIe,TLC,250,1250,2010,Nem,Nem,16990
"MUSHKIN 250GB Source SATA 3 2.5"" MKNSSDSR250GB","2.5""",SATA 3,TLC,250,515,560,Nem,Nem,16290
"MUSHKIN 2TB Source 2 SATA 3 2.5"" MKNSSDS22TB","2.5""",SATA 3,TLC,2000,505,560,Nem,Nem,78990
MUSHKIN 500GB Helix-L M.2 PCIe M.2 2280 MKNSSDHL500GB-D8,M.2 2280,M.2 PCIe,TLC,500,1670,2105,Nem,Nem,32890
MUSHKIN 500GB Pilot-E M.2 PCIe M.2 2280 MKNSSDPE500GB-D8,M.2 2280,M.2 PCIe,TLC,500,2300,3500,Nem,Nem,30790
"MUSHKIN 500GB Source SATA 3 2.5"" MKNSSDSR500GB","2.5""",SATA 3,TLC,500,520,560,Nem,Nem,26391
ORIGIN 1TB Internal M.2 PCIe M.2 2280 NB-1TB3DM.2/NVME,M.2 2280,M.2 PCIe,TLC,1000,1500,2750,Nem,Nem,87390
OWC 1TB Aura Pro X2 M.2 PCIe 2280 OWCS3DAPT4MA10K,M.2 2280,M.2 PCIe,TLC,1000,2400,3200,Nem,Nem,92591
OWC 1TB Aura Pro X2 M.2 PCIe 2280 OWCS3DAPT4MP10P,M.2 2280,M.2 PCIe,TLC,1000,2400,3200,Nem,Nem,88389
OWC 250GB Aura Pro M.2 SATA 2280 OWCS3DAP2A6G250,M.2 2280,M.2 SATA,MLC,480,501,503,Nem,Nem,30290
"OWC 250GB Mercury Electra 3G SATA 2 2.5"" OWCS3D7E3G250","2.5""",SATA 2,MLC,250,275,285,Nem,Nem,17390
OWC 480GB Aura 6G mSATA OWCSSDIM12D480,mSATA,mSATA,MLC,480,501,503,Nem,Nem,47890
OWC 480GB Aura Pro X2 M.2 PCIe 2280 OWCS3DAPT4MA05K,M.2 2280,M.2 PCIe,TLC,480,2400,3200,Nem,Nem,57490
"OWC 500GB Mercury Electra 3G SATA 2 2.5"" OWCS3D7E3G500","2.5""",SATA 2,MLC,500,274,260,Nem,Nem,28291
"PATRIOT 1TB P200 SATA 3 2.5"" P200S1TB25","2.5""",SATA 3,TLC,1000,460,530,Nem,Nem,44590
PATRIOT 1TB P300 M.2 PCIe M.2 2280 P300P1TBM28,M.2 2280,M.2 PCIe,TLC,1000,1650,2100,Nem,Nem,41391
PATRIOT 1TB VPN100 M.2 PCIe M.2 2280 VPN100-1TBM28B,M.2 2280,M.2 PCIe,TLC,1000,3200,3400,Nem,Igen,51290
PATRIOT 1TB VPR100 M.2 PCIe M.2 2280 VPR100-1TBM28H,M.2 2280,M.2 PCIe,TLC,1000,2900,3900,Igen,Igen,63590
PATRIOT 256GB VPR100 M.2 PCIe M.2 2280 VPR100-256GM28H,M.2 2280,M.2 PCIe,TLC,256,1000,3000,Igen,Igen,24390
"PATRIOT 2TB P210 SATA 3 2.5"" P210S2TB25","2.5""",SATA 3,TLC,2000,430,520,Nem,Nem,76590
PATRIOT 2TB P300 M.2 PCIe M.2 2280 P300P2TBM28,M.2 2280,M.2 PCIe,TLC,2000,1650,2100,Nem,Nem,96791
PATRIOT 512GB VPR100 M.2 PCIe M.2 2280 VPR100-512GM28H,M.2 2280,M.2 PCIe,TLC,512,2100,3300,Igen,Igen,37090
"PATRIOT 960GB Burst Elite SATA 3 2.5"" PBE960GS25SSDR","2.5""",SATA 3,TLC,960,320,450,Nem,Nem,34590
"PATRIOT 960GB Burst SATA 3 2.5"" PBU960GS25SSDR","2.5""",SATA 3,TLC,960,540,560,Nem,Nem,41090
"PHILIPS 240 Ultra Speed SATA 3 2.5"" PH511132","2.5""",SATA 3,TLC,240,480,550,Nem,Nem,15991
PNY 1TB CS2130 M.2 PCIe M.2 2280 M280CS2130-1TB-RB,M.2 2280,M.2 PCIe,TLC,1000,1800,3500,Nem,Nem,45590
PNY 1TB CS900 M.2 SATA M.2 2280 M280CS900-1TB-RB,M.2 2280,M.2 SATA,TLC,1000,500,535,Nem,Nem,41090
PNY 250GB CS900 M.2 SATA M.2 2280 M280CS900-250-RB,M.2 2280,M.2 SATA,TLC,250,500,535,Nem,Nem,13890
PNY 2TB CS2130 M.2 PCIe M.2 2280 M280CS2130-2TB-RB,M.2 2280,M.2 PCIe,TLC,2000,3000,3500,Nem,Nem,91190
PNY 500GB CS304 M.2 PCIe M.2 2280 M280CS3040-500-RB,M.2 2280,M.2 PCIe,TLC,500,2600,5600,Nem,Nem,42990
PNY 500GB CS900 M.2 SATA M.2 2280 M280CS900-500-RB,M.2 2280,M.2 SATA,TLC,500,500,535,Nem,Nem,23190
PNY 500GB XLR8 CS3040 M.2 PCIe M.2 2280 M280CS3040HS-500-RB,M.2 2280,M.2 PCIe,TLC,500,2600,5600,Nem,Igen,46090
"PNY 960GB CS900 SATA 3 2.5"" SSD7CS900-960-PB","2.5""",SATA 3,TLC,960,515,535,Nem,Nem,37090
SAMSUNG 1TB 970 EVO M.2 PCIe M.2 2280 MZ-V7E1T0BW,M.2 2280,M.2 PCIe,MLC,1000,2500,3400,Nem,Nem,54590
SAMSUNG 250GB 980 M.2 PCIe M.2 2280 MZ-V8V250BW (Basic garancia),M.2 2280,M.2 PCIe,TLC,250,1300,2900,Nem,Nem,19290
SAMSUNG 2TB 860 EVO M.2 SATA M.2 2280 MZ-N6E2T0BW (Basic garancia),M.2 2280,M.2 SATA,MLC,2000,520,550,Nem,Nem,92989
"SAMSUNG 2TB 860 EVO SATA 3 2.5"" MZ-76E2T0B/EU (Basic garancia)","2.5""",SATA 3,MLC,2000,520,550,Nem,Nem,105490
SAMSUNG 500GB 970 EVO M.2 PCIe M.2 2280 MZ-V7E500BW,M.2 2280,M.2 PCIe,MLC,500,2300,3400,Nem,Nem,28790
"SANDISK 1TB Ultra SATA 3 2.5"" SDSSDH3-1T00-G25","2.5""",SATA 3,TLC,1000,530,560,Nem,Nem,42790
"SANDISK 250GB Ultra SATA 3 2.5"" SDSSDH3-250G-G25","2.5""",SATA 3,TLC,250,525,550,Nem,Nem,18190
"SANDISK 2TB Plus SATA 3 2.5"" SDSSDA-2T00-G26","2.5""",SATA 3,MLC,2000,450,535,Nem,Nem,75990
SEAGATE 1TB Barracuda 510 M.2 PCIe M.2 2280 ZP1000CM3A001,M.2 2280,M.2 PCIe,TLC,1000,3000,3400,Nem,Nem,56190
SEAGATE 1TB FireCuda 510 M.2 PCIe M.2 2280 ZP1000GM30001,M.2 2280,M.2 PCIe,TLC,1000,3050,3450,Nem,Nem,70689
SEAGATE 1TGB Barracuda Q5 M.2 PCIe M.2 2280 ZP1000CV30001,M.2 2280,M.2 PCIe,QLC,1000,1700,2400,Nem,Nem,42589
"SEAGATE 240GB IronWolf 110 SATA 3 2.5"" ZA240NM10011","2.5""",SATA 3,TLC,240,345,560,Nem,Nem,39489
SEAGATE 240GB IronWolf 510 M.2 PCIe M.2 2280 ZP240NM30001,M.2 2280,M.2 PCIe,TLC,240,290,2450,Nem,Nem,32090
"SEAGATE 240GB IronWolf Pro 125 SATA 3 2.5"" ZA240NX10001","2.5""",SATA 3,TLC,240,360,545,Nem,Nem,28090
SEAGATE 250GB Barracuda 510 M.2 PCIe M.2 2280 ZP250CM3A001,M.2 2280,M.2 PCIe,TLC,250,1200,3100,Nem,Nem,19290
SEAGATE 250GB FireCuda 510 M.2 PCIe M.2 2280 ZP250GM3A001,M.2 2280,M.2 PCIe,TLC,250,2500,3450,Nem,Nem,21890
"SEAGATE 250GB Ironwolf 125 SATA 3 2.5"" ZA250NM10002","2.5""",SATA 3,TLC,250,540,560,Nem,Nem,23590
SEAGATE 2TGB Barracuda Q5 M.2 PCIe M.2 2280 ZP2000CV30001,M.2 2280,M.2 PCIe,QLC,2000,1800,2400,Nem,Nem,91290
"SEAGATE 480GB Barracuda Q1 SATA 3 2.5"" ZA480CV10001","2.5""",SATA 3,TLC,480,500,550,Nem,Nem,25190
"SEAGATE 480GB IronWolf 110 SATA 3 2.5"" ZA480NM10011","2.5""",SATA 3,TLC,480,535,560,Nem,Nem,53290
"SEAGATE 480GB Maxtor Z1 SATA 3 2.5"" YA480VC1A001","2.5""",SATA 3,TLC,480,465,540,Nem,Nem,21490
SEAGATE 500GB Barracuda 510 M.2 PCIe M.2 2280 ZP500CM3A001,M.2 2280,M.2 PCIe,TLC,500,2400,3400,Nem,Nem,30290
SEAGATE 500GB FireCuda 510 M.2 PCIe M.2 2280 ZP500GM3A001,M.2 2280,M.2 PCIe,TLC,500,2500,3450,Nem,Nem,30790
"SEAGATE 500GB Ironwolf 125 SATA 3 2.5"" ZA500NM10002","2.5""",SATA 3,TLC,500,540,560,Nem,Nem,32090
"SEAGATE 960GB Barracuda Q1 SATA 3 2.5"" ZA960CV10001","2.5""",SATA 3,TLC,960,500,550,Nem,Nem,36090
SEAGATE 960GB IronWolf 510 M.2 PCIe M.2 2280 ZP960NM30001,M.2 2280,M.2 PCIe,TLC,960,1000,3150,Nem,Nem,87690
"SILICON POWER 120GB Velox V55 SATA 3 2.5"" SP120GBSS3V55S25","2.5""",SATA 3,MLC,120,180,515,Nem,Nem,9889
SILICON POWER 1TB UD70 M.2 PCIe M.2 2280 SP01KGBP34UD7005,M.2 2280,M.2 PCIe,QLC,1000,3000,3400,Nem,Nem,45090
"SILICON POWER 240GB Slim S55 SATA 3 2.5"" SP240GBSS3S55S25","2.5""",SATA 3,TLC,240,450,460,Nem,Nem,12590
"SILICON POWER 240GB Velox V55 SATA 3 2.5"" SP240GBSS3V55S25","2.5""",SATA 3,TLC,240,370,460,Nem,Nem,14489
"SILICON POWER 480GB Slim S56 SATA 3 2.5"" SP480GBSS3S56A25","2.5""",SATA 3,TLC,480,490,500,Nem,Nem,24489
"SILICON POWER 480GB Velox V55 SATA 3 2.5"" SP480GBSS3V55S25","2.5""",SATA 3,TLC,480,450,500,Nem,Nem,24091
SILICON POWER 512GB A55 M.2 SATA M.2 2280 SP512GBSS3A55M28,M.2 2280,M.2 SATA,TLC,512,530,560,Nem,Nem,21190
"SILICON POWER 960GB Slim S56 SATA 3 2.5"" SP960GBSS3S56A25","2.5""",SATA 3,TLC,960,490,500,Nem,Nem,43290
TEAM GROUP 1TB Cardea II M.2 PCIe M.2 2280 TM8FP5001T0C110,M.2 2280,M.2 PCIe,TLC,1000,3000,3400,Nem,Nem,53190
TEAM GROUP 1TB Cardea Liquid M.2 PCIe M.2 2280 TM8FP5001T0C119,M.2 2280,M.2 PCIe,TLC,1000,3000,3400,Nem,Nem,55990
"TEAM GROUP 1TB CX2 SATA 3 2.5"" T253X6001T0C101","2.5""",SATA 3,TLC,1000,490,540,Nem,Nem,37090
"TEAM GROUP 1TB Delta Max SATA 3 2.5"" T253TM001T3C302","2.5""",SATA 3,TLC,1000,510,560,Igen,Nem,53890
"TEAM GROUP 1TB Delta RGB SSD SATA 3 2.5"" T253TR001T3C313","2.5""",SATA 3,TLC,1000,510,560,Igen,Nem,49390
"TEAM GROUP 1TB DELTA S RGB SATA 3 2.5"" T253TR001T3C412","2.5""",SATA 3,TLC,1000,510,560,Igen,Nem,49390
"TEAM GROUP 1TB GX2 SATA 3 2.5"" T253X2001T0C101","2.5""",SATA 3,TLC,1000,480,530,Nem,Nem,36391
TEAM GROUP 1TB MP33 Pro M.2 PCIe M.2 2280 TM8FPD001T0C101,M.2 2280,M.2 PCIe,TLC,1000,1700,2100,Nem,Nem,42890
"TEAM GROUP 1TB T-Create Classic SATA 3 2.5"" T253TA001T3C601","2.5""",SATA 3,TLC,1000,520,550,Nem,Nem,37490
"TEAM GROUP 240GB CX1 SATA 3 2.5"" T253X5240G0C101","2.5""",SATA 3,TLC,240,430,520,Nem,Nem,13590
"TEAM GROUP 240GB L5 Lite SATA 3 2.5"" T2535T240G0C101","2.5""",SATA 3,MLC,240,400,530,Nem,Nem,14290
"TEAM GROUP 256GB CX2 SATA 3 2.5"" T253X6256G0C101","2.5""",SATA 3,TLC,256,430,520,Nem,Nem,12790
TEAM GROUP 256GB MP33 M.2 PCIe M.2 2280 TM8FP6256G0C101,M.2 2280,M.2 PCIe,TLC,256,1000,1600,Nem,Nem,15890
TEAM GROUP 256GB MS30 M.2 SATA M.2 2280 TM8PS7256G0C101,M.2 2280,M.2 SATA,TLC,256,470,550,Nem,Nem,12990
"TEAM GROUP 2TB GX2 SATA 3 2.5"" T253X2002T0C101","2.5""",SATA 3,TLC,2000,480,530,Nem,Nem,75090
"TEAM GROUP 480GB CX1 SATA 3 2.5"" T253X5480G0C101","2.5""",SATA 3,TLC,480,470,530,Nem,Nem,21990
"TEAM GROUP 500GB DELTA S RGB SATA 3 2.5"" T253TR500G3C312","2.5""",SATA 3,TLC,500,510,560,Igen,Nem,29990
TEAM GROUP 512GB Cardea II M.2 PCIe M.2 2280 TM8FP5512G0C110,M.2 2280,M.2 PCIe,TLC,512,2000,3400,Nem,Nem,31190
TEAM GROUP 512GB Cardea Liquid M.2 PCIe M.2 2280 TM8FP5512G0C119,M.2 2280,M.2 PCIe,TLC,512,2000,3400,Nem,Nem,33190
TEAM GROUP 512GB Cardea Zero Z340 M.2 PCIe M.2 2280 TM8FP9512G0C311,M.2 2280,M.2 PCIe,TLC,512,2000,3400,Nem,Igen,36290
"TEAM GROUP 512GB EX2 SATA 3 2.5"" T253E2512G0C101","2.5""",SATA 3,TLC,512,520,550,Nem,Nem,20490
"TEAM GROUP 512GB GX2 SATA 3 2.5"" T253X2512G0C101","2.5""",SATA 3,TLC,512,430,530,Nem,Nem,20690
TEAM GROUP 512GB MP33 M.2 PCIe M.2 2280 TM8FP6512G0C101,M.2 2280,M.2 PCIe,TLC,512,1400,1700,Nem,Nem,22090
TEAM GROUP 512GB MP33 Pro M.2 PCIe M.2 2280 TM8FPD512G0C101,M.2 2280,M.2 PCIe,TLC,512,1700,2100,Nem,Nem,23190
TEAM GROUP 512GB MP34 M.2 PCIe M.2 2280 TM8FP4512G0C101,M.2 2280,M.2 PCIe,TLC,512,1700,3000,Nem,Nem,26290
TEAM GROUP 512GB MS30 M.2 SATA M.2 2280 TM8PS7512G0C101,M.2 2280,M.2 SATA,TLC,512,480,550,Nem,Nem,20790
"TEAM GROUP 960GB CX1 SATA 3 2.5"" T253X5960G0C101","2.5""",SATA 3,TLC,960,490,540,Nem,Nem,33691
"TOSHIBA 512GB VX500 SATA 3 2.5"" VX500-25SAT3-512G","2.5""",SATA 3,MLC,512,515,550,Nem,Nem,68290
TRANSCEND 128GB 370S mSATA TS128GMSA370S,mSATA,mSATA,TLC,128,200,530,Nem,Nem,19089
TRANSCEND 128GB 830S M.2 SATA M.2 2280 TS128GMTS830S,M.2 2280,M.2 SATA,TLC,128,500,560,Nem,Nem,9390
TRANSCEND 128GB MSA370 mSATA TS128GMSA370,mSATA,mSATA,MLC,128,150,520,Nem,Nem,29790
TRANSCEND 128GB MTS400 M.2 SATA M.2 2242 TS128GMTS400,M.2 2242,M.2 SATA,MLC,128,160,510,Nem,Nem,17990
TRANSCEND 128GB MTS800 M.2 SATA M.2 2280 TS128GMTS800S,M.2 2280,M.2 SATA,MLC,128,460,560,Nem,Nem,23691
"TRANSCEND 128GB SSD370 SATA 3 2.5"" TS128GSSD370S","2.5""",SATA 3,MLC,128,170,550,Nem,Nem,19290
TRANSCEND 16GB MSA370 mSATA TS16GMSA370,mSATA,mSATA,MLC,16,80,510,Nem,Nem,10591
TRANSCEND 1TB 110s M.2 PCIe M.2 2280 TS1TMTE112S,M.2 2280,M.2 PCIe,TLC,1000,1700,1500,Nem,Nem,43390
TRANSCEND 1TB 240S M.2 PCIe M.2 2280 TS1TMTE240S,M.2 2280,M.2 PCIe,TLC,1000,3200,3800,Nem,Nem,54190
"TRANSCEND 1TB SSD230S SATA 3 2.5"" TS1TSSD230S","2.5""",SATA 3,TLC,1000,520,560,Nem,Nem,42490
TRANSCEND 256GB 220S M.2 PCIe M.2 2280 TS256GMTE220S,M.2 2280,M.2 PCIe,TLC,256,1100,3300,Nem,Nem,17390
TRANSCEND 256GB 370S mSATA TS256GMSA370S,mSATA,mSATA,TLC,256,400,530,Nem,Nem,41290
TRANSCEND 256GB 600S M.2 SATA M.2 2260 TS256GMTS600S,M.2 2260,M.2 SATA,MLC,256,400,520,Nem,Nem,36990
"TRANSCEND 256GB SSD370 SATA 3 2.5"" TS256GSSD370S","2.5""",SATA 3,MLC,256,320,570,Nem,Nem,33790
"TRANSCEND 256GB SSD452K SATA 3 2.5"" TS256GSSD452K","2.5""",SATA 3,TLC,256,520,560,Nem,Nem,18990
TRANSCEND 32GB MTS400 M.2 SATA M.2 2242 TS32GMTS400S,M.2 2242,M.2 SATA,MLC,32,460,560,Nem,Nem,10390
TRANSCEND 480GB MTS420 M.2 SATA M.2 2242 TS480GMTS420S,M.2 2242,M.2 SATA,TLC,480,500,560,Nem,Nem,26789
TRANSCEND 480GB MTS820 M.2 SATA M.2 2280 TS480GMTS820S,M.2 2280,M.2 SATA,MLC,480,510,560,Nem,Nem,22790
"TRANSCEND 480GB SSD220S SATA 3 2.5"" TS480GSSD220S","2.5""",SATA 3,TLC,480,450,550,Nem,Nem,23291
TRANSCEND 512GB 110s M.2 PCIe M.2 2280 TS512GMTE112S,M.2 2280,M.2 PCIe,TLC,512,1500,1800,Nem,Nem,23490
TRANSCEND 512GB 830S M.2 SATA M.2 2280 TS512GMTS830S,M.2 2280,M.2 SATA,TLC,512,500,560,Nem,Nem,23390
TRANSCEND 64GB HSD370 SATA 3 Half Slim TS64GHSD370,Half Slim,SATA 3,MLC,64,320,550,Nem,Nem,19790
TRANSCEND 64GB MTS400 M.2 SATA M.2 2242 TS64GMTS400,M.2 2242,M.2 SATA,MLC,64,160,560,Nem,Nem,11490
TRANSCEND 64GB MTS400 M.2 SATA M.2 2242 TS64GMTS400S,M.2 2242,M.2 SATA,MLC,64,460,560,Nem,Nem,14390
TRANSCEND 64GB MTS800 M.2 SATA M.2 2280 TS64GMTS800S,M.2 2280,M.2 SATA,MLC,64,450,500,Nem,Nem,14590
"TRANSCEND 64GB PATA PATA/IDE 2.5"" TS64GPSD330","2.5""",PATA/IDE,MLC,64,67,119,Nem,Nem,31090
"TRANSCEND 64GB SSD370 SATA 3 2.5"" TS64GSSD370S","2.5""",SATA 3,MLC,64,80,450,Nem,Nem,16391
TRANSCEND 960GB MTS820 M.2 SATA M.2 2280 TS960GMTS820S,M.2 2280,M.2 SATA,MLC,960,510,560,Nem,Nem,37690
UMAX 256GB Internal M.2 SATA M.2 2280 UMM250005,M.2 2280,M.2 SATA,TLC,256,500,550,Nem,Nem,16990
V7 1TB S6000 M.2 SATA M.2 2280 V7S6000M2-1000,M.2 2280,M.2 SATA,TLC,1000,520,560,Nem,Nem,49990
"V7 1TB S6000 SATA 3 2.5"" V7S600025-1000","2.5""",SATA 3,TLC,1000,520,560,Nem,Nem,50690
V7 256GB S6000 M.2 SATA M.2 2280 V7S6000M2-250,M.2 2280,M.2 SATA,TLC,256,515,560,Nem,Nem,16890
V7 500GB S6000 M.2 SATA M.2 2280 V7S6000M2-500,M.2 2280,M.2 SATA,TLC,500,520,560,Nem,Nem,26490
"V7 500GB S6000 SATA 3 2.5"" V7S600025-500","2.5""",SATA 3,TLC,500,520,560,Nem,Nem,25991
"VERBATIM 1TB Vi500 S3 SATA 3 2.5"" 49353","2.5""",SATA 3,TLC,1000,460,550,Nem,Nem,41290
VERBATIM 1TB Vi560 S3 M.2 SATA M.2 2280 49364,M.2 2280,M.2 SATA,TLC,1000,520,560,Nem,Nem,38490
VERBATIM 256GB Vi560 S3 M.2 SATA M.2 2280 49362,M.2 2280,M.2 SATA,TLC,256,460,560,Nem,Nem,15490
VERBATIM 512GB Vi560 S3 M.2 SATA M.2 2280 49363,M.2 2280,M.2 SATA,TLC,512,520,560,Nem,Nem,23390
WD 1TB Black SN750 With Heatsink M.2 PCIe M.2 2280 WDS100T3XHC,M.2 2280,M.2 PCIe,TLC,1000,3000,3470,Nem,Igen,85190
WD 1TB Blue M.2 SATA M.2 2280 WDBK3U0010BNC,M.2 2280,M.2 SATA,TLC,1000,525,545,Nem,Nem,58890
WD 1TB Blue M.2 SATA M.2 2280 WDS100T1B0B,M.2 2280,M.2 SATA,TLC,1000,525,545,Nem,Nem,71990
WD 250GB Black SN750 M.2 PCIe M.2 2280 WDBRPG2500ANC,M.2 2280,M.2 PCIe,TLC,250,1600,3100,Nem,Nem,38990
WD 250GB Blue SN500 NVMe M.2 PCIe M.2 2280 WDS250G1B0C,M.2 2280,M.2 PCIe,TLC,250,1300,1700,Nem,Nem,19590
WD 500GB Blue SN550 NVMe M.2 PCIe M.2 2280 WDBA3V0010BNC,M.2 2280,M.2 PCIe,TLC,500,1750,2400,Nem,Nem,64690
"ZADAK 128GB TWSS3 SATA 3 2.5"" ZS128GTWSS3-1","2.5""",SATA 3,TLC,128,540,560,Nem,Nem,10690
"ZADAK 256GB TWSS3 SATA 3 2.5"" ZS256GTWSS3-1","2.5""",SATA 3,TLC,256,540,560,Nem,Nem,14089
"ZADAK 512GB TWSS3 SATA 3 2.5"" ZS512GTWSS3-1","2.5""",SATA 3,TLC,512,540,560,Nem,Nem,24790
