Megnevezés,Méret,Csatlakozás,Technológia,Tároló kapacitás,SSD max írás,SSD max olvasás,TBW,Világítás,Hűtőborda,Ár (FT),Méretek,PCI-e 4.0 SSD
"KINGSTON 240GB A400 SATA 3 2.5"" SA400S37/240G","2.5""",SATA 3,TLC,240 GB,350 MB/s,500 MB/s,80 TB,Nem,Nem,11890,,
KINGSTON 500GB A2000 M.2 PCIe M.2 2280 SA2000M8/500G,M.2 2280,M.2 PCIe,TLC,500 GB,2000 MB/s,2200 MB/s,300 TB,Nem,Nem,22189,80 x 22 x 3.5 mm,
"KINGSTON 480GB A400 SATA 3 2.5"" SA400S37/480G","2.5""",SATA 3,TLC,480 GB,450 MB/s,500 MB/s,160 TB,Nem,Nem,18090,,
KINGSTON 250GB A2000 M.2 PCIe M.2 2280 SA2000M8/250G,M.2 2280,M.2 PCIe,TLC,250 GB,1100 MB/s,2000 MB/s,150 TB,Nem,Nem,14489,80 x 22 x 3.5 mm,
KINGSTON 1TB A2000 M.2 PCIe M.2 2280 SA2000M8/1000G,M.2 2280,M.2 PCIe,TLC,1000 GB,2000 MB/s,2200 MB/s,600 TB,Nem,Nem,39590,80 x 22 x 3.5 mm,
SAMSUNG 500GB 970 EVO Plus M.2 PCIe M.2 2280 MZ-V7S500BW (Basic garancia),M.2 2280,M.2 PCIe,MLC,500 GB,3200 MB/s,3500 MB/s,300 TB,Nem,Nem,30390,80.15 x 22.15 x 2.38 mm,
SAMSUNG 1TB 970 PRO M.2 PCIe M.2 2280 MZ-V7P1T0BW (Basic garancia),M.2 2280,M.2 PCIe,MLC,1000 GB,2700 MB/s,3500 MB/s,1200 TB,Nem,Nem,114990,80.15 x 22.15 x 2.38 mm,
INTEL 256GB Optane H10 M.2 PCIe M.2 2280 HBRPEKNX0101A01,M.2 2280,M.2 PCIe,Optane,256 GB,650 MB/s,1450 MB/s,75 TB,Nem,Nem,18790,,
TRANSCEND 32GB MSA370 mSATA TS32GMSA370,mSATA,mSATA,MLC,32 GB,40 MB/s,260 MB/s,45 TB,Nem,Nem,15890,,
"SAMSUNG 500GB 870 EVO SATA 3 2.5"" MZ-77E500B/EU","2.5""",SATA 3,TLC,500 GB,530 MB/s,560 MB/s,300 TB,Nem,Nem,24190,100 x 69.85 x 7 mm,
"CRUCIAL 240GB BX500 SATA 3 2.5"" CT240BX500SSD1","2.5""",SATA 3,TLC,240 GB,500 MB/s,540 MB/s,0 TB,Nem,Nem,12990,,
"SAMSUNG 500GB 860 EVO SATA 3 2.5"" MZ-76E500B/EU (Basic garancia)","2.5""",SATA 3,MLC,500 GB,520 MB/s,550 MB/s,300 TB,Nem,Nem,28090,100 X 69.85 X 6.8 mm,
"KINGSTON 120GB A400 SATA 3 2.5"" SA400S37/120G","2.5""",SATA 3,TLC,120 GB,320 MB/s,500 MB/s,40 TB,Nem,Nem,9590,,
SAMSUNG 500GB 970 EVO Plus M.2 PCIe M.2 2280 MZ-V7S500BW,M.2 2280,M.2 PCIe,TLC,500 GB,3200 MB/s,3500 MB/s,300 TB,Nem,Nem,34190,80.15 x 22.15 x 2.38 mm,
SAMSUNG 250GB 970 EVO Plus M.2 PCIe M.2 2280 MZ-V7S250BW,M.2 2280,M.2 PCIe,TLC,250 GB,2300 MB/s,3500 MB/s,150 TB,Nem,Nem,23090,80.15 x 22.15 x 2.38 mm,
SAMSUNG 500GB 970 EVO M.2 PCIe M.2 2280 MZ-V7E500BW (Basic garancia),M.2 2280,M.2 PCIe,MLC,500 GB,2300 MB/s,3400 MB/s,300 TB,Nem,Nem,28691,80.15 x 22.15 x 2.38 mm,
"WD 500GB Blue SATA 3 2.5"" WDS500G2B0A","2.5""",SATA 3,TLC,500 GB,530 MB/s,560 MB/s,200 TB,Nem,Nem,19489,,
"SAMSUNG 1TB 860 EVO SATA 3 2.5"" MZ-76E1T0B/EU (Basic garancia)","2.5""",SATA 3,MLC,1000 GB,520 MB/s,550 MB/s,600 TB,Nem,Nem,38790,100 x 69.85 x 6.8 mm,
SAMSUNG 1TB 970 EVO Plus M.2 PCIe M.2 2280 MZ-V7S1T0BW (Basic garancia),M.2 2280,M.2 PCIe,TLC,1000 GB,3300 MB/s,3500 MB/s,600 TB,Nem,Nem,58490,80.15 x 22.15 x 2.38 mm,
"CRUCIAL 500GB MX500 SATA 3 2.5"" CT500MX500SSD1","2.5""",SATA 3,TLC,500 GB,510 MB/s,560 MB/s,180 TB,Nem,Nem,20591,,
"WD 250GB Blue SATA 3 2.5"" WDS250G2B0A","2.5""",SATA 3,TLC,250 GB,500 MB/s,540 MB/s,100 TB,Nem,Nem,14390,,
"CRUCIAL 480GB BX500 SATA 3 2.5"" CT480BX500SSD1","2.5""",SATA 3,TLC,480 GB,500 MB/s,540 MB/s,0 TB,Nem,Nem,18090,,
"WD 240GB Green SATA 3 2.5"" WDS240G2G0A","2.5""",SATA 3,TLC,240 GB,465 MB/s,540 MB/s,80 TB,Nem,Nem,13090,,
"GIGABYTE 120GB Internal SATA 3 2.5"" GP-GSTFS31120GNTD","2.5""",SATA 3,TLC,120 GB,380 MB/s,500 MB/s,75 TB,Nem,Nem,9190,,
"SAMSUNG 250GB 870 EVO SATA 3 2.5"" MZ-77E250B/EU","2.5""",SATA 3,TLC,250 GB,530 MB/s,560 MB/s,150 TB,Nem,Nem,17990,100 x 69.85 x 7 mm,
SAMSUNG 250GB 970 EVO Plus M.2 PCIe M.2 2280 MZ-V7S250BW (Basic garancia),M.2 2280,M.2 PCIe,TLC,250 GB,2300 MB/s,3500 MB/s,150 TB,Nem,Nem,21391,80.15 x 22.15 x 2.38 mm,
"KINGSTON 960GB A400 SATA 3 2.5"" SA400S37/960G","2.5""",SATA 3,TLC,960 GB,450 MB/s,500 MB/s,300 TB,Nem,Nem,34489,100 x 69.9 x 7 mm,
SAMSUNG 1TB 970 EVO Plus M.2 PCIe M.2 2280 MZ-V7S1T0BW,M.2 2280,M.2 PCIe,TLC,1000 GB,3300 MB/s,3500 MB/s,600 TB,Nem,Nem,62090,80.15 x 22.15 x 2.38 mm,
"CRUCIAL 1TB MX500 SATA 3 2.5"" CT1000MX500SSD1","2.5""",SATA 3,TLC,1000 GB,510 MB/s,560 MB/s,360 TB,Nem,Nem,35890,,
"CRUCIAL 120GB BX500 SATA 3 2.5"" CT120BX500SSD1","2.5""",SATA 3,TLC,120 GB,500 MB/s,540 MB/s,0 TB,Nem,Nem,9290,,
"KINGSTON 256GB KC600 SATA 3 2.5"" SKC600/256G","2.5""",SATA 3,TLC,256 GB,500 MB/s,550 MB/s,150 TB,Nem,Nem,16789,100.1 x 69.85 x 7 mm,
"WD 1TB Blue SATA 3 2.5"" WDS100T2B0A","2.5""",SATA 3,TLC,1000 GB,530 MB/s,560 MB/s,400 TB,Nem,Nem,36690,,
ADATA 512GB XPG SX8200 Pro M.2 PCIe M.2 2280 ASX8200PNP-512GT-C,M.2 2280,M.2 PCIe,TLC,512 GB,2300 MB/s,3500 MB/s,320 TB,Nem,Nem,27890,22 x 80 x 3.5 mm,
"SAMSUNG 1TB 870 QVO SATA 3 2.5"" MZ-77Q1T0BW","2.5""",SATA 3,QLC,1000 GB,520 MB/s,550 MB/s,360 TB,Nem,Nem,36690,100 x 69.85 x 6.8 mm,
ADATA 1TB XPG SX8200 Pro M.2 PCIe M.2 2280 ASX8200PNP-1TT-C,M.2 2280,M.2 PCIe,TLC,1000 GB,3000 MB/s,3500 MB/s,640 TB,Nem,Nem,49290,22 x 80 x 3.5 mm,
"APACER 120GB AS350 Panther SATA 3 2.5"" AP120GAS350-1","2.5""",SATA 3,TLC,120 GB,298 MB/s,310 MB/s,0 TB,Nem,Nem,8990,100 x 69.9 x 7 mm,
SAMSUNG 500GB 980 PRO M.2 PCIe M.2 2280 MZ-V8P500BW,M.2 2280,M.2 PCIe,TLC,500 GB,5000 MB/s,6900 MB/s,300 TB,Nem,Nem,48490,80.15 x 22.15 x 2.38 mm,Igen
"SAMSUNG 1TB 870 QVO SATA 3 2.5"" MZ-77Q1T0BW (Basic garancia)","2.5""",SATA 3,QLC,1000 GB,520 MB/s,550 MB/s,360 TB,Nem,Nem,35289,100 x 69.85 x 6.8 mm,
WD 500GB Blue M.2 SATA M.2 2280 WDS500G2B0B,M.2 2280,M.2 SATA,TLC,500 GB,530 MB/s,560 MB/s,200 TB,Nem,Nem,19690,,
INTEL 512GB 660P M.2 PCIe M.2 2280 SSDPEKNW512G8XT,M.2 2280,M.2 PCIe,QLC,512 GB,1000 MB/s,1500 MB/s,100 TB,Nem,Nem,20490,,
"CRUCIAL 250GB MX500 SATA 3 2.5"" CT250MX500SSD1","2.5""",SATA 3,TLC,250 GB,510 MB/s,560 MB/s,100 TB,Nem,Nem,16090,,
"INTENSO 240GB High SATA 3 2.5"" 3813440","2.5""",SATA 3,MLC,240 GB,500 MB/s,520 MB/s,0 TB,Nem,Nem,11090,,
GIGABYTE 256GB NVMe SSD M.2 PCIe M.2 2280 GP-GSM2NE3256GNTD,M.2 2280,M.2 PCIe,TLC,256 GB,1100 MB/s,1700 MB/s,300 TB,Nem,Nem,15090,80 x 22 x 2.3 mm,
CRUCIAL 500GB P1 M.2 PCIe M.2 2280 CT500P1SSD8,M.2 2280,M.2 PCIe,QLC,500 GB,950 MB/s,1900 MB/s,100 TB,Nem,Nem,22189,,
"SAMSUNG 250GB 870 EVO SATA 3 2.5"" MZ-77E250B/EU (Basic garancia)","2.5""",SATA 3,TLC,250 GB,530 MB/s,560 MB/s,150 TB,Nem,Nem,18790,100 x 69.85 x 7 mm,
"GIGABYTE 240GB Internal SATA 3 2.5"" GP-GSTFS31240GNTD","2.5""",SATA 3,TLC,240 GB,420 MB/s,500 MB/s,100 TB,Nem,Nem,12891,,
KINGSTON 240GB A400 M.2 SATA M.2 2280 SA400M8/240G,M.2 2280,M.2 SATA,TLC,240 GB,350 MB/s,500 MB/s,80 TB,Nem,Nem,12390,80 x 22 x 1.35 mm,
"KINGSTON 512GB KC600 SATA 3 2.5"" SKC600/512G","2.5""",SATA 3,TLC,512 GB,520 MB/s,550 MB/s,300 TB,Nem,Nem,26789,100.1 x 69.85 x 7 mm,
WD 240GB Green M.2 SATA M.2 2280 WDS240G2G0B,M.2 2280,M.2 SATA,TLC,240 GB,465 MB/s,540 MB/s,0 TB,Nem,Nem,12790,,
CRUCIAL 1TB P1 M.2 PCIe M.2 2280 CT1000P1SSD8,M.2 2280,M.2 PCIe,QLC,1000 GB,1700 MB/s,2000 MB/s,200 TB,Nem,Nem,36890,,
"SAMSUNG 1TB 870 EVO SATA 3 2.5"" MZ-77E1T0B/EU","2.5""",SATA 3,TLC,1000 GB,530 MB/s,560 MB/s,600 TB,Nem,Nem,45590,100 x 69.85 x 7 mm,
SAMSUNG 250GB 860 EVO M.2 SATA M.2 2280 MZ-N6E250BW,M.2 2280,M.2 SATA,MLC,250 GB,520 MB/s,550 MB/s,150 TB,Nem,Nem,17990,80.15 x 22.15 x 2.38 mm,
"PNY 120GB CS900 SATA 3 2.5"" SSD7CS900-120-PB","2.5""",SATA 3,TLC,120 GB,450 MB/s,560 MB/s,0 TB,Nem,Nem,10690,,
ADATA 1TB XPG Gammix S11 Pro M.2 PCIe M.2 2280 AGAMMIXS11P-1TT-C,M.2 2280,M.2 PCIe,TLC,1000 GB,3000 MB/s,3500 MB/s,640 TB,Nem,Igen,50890,,
SAMSUNG 1TB 980 PRO M.2 PCIe M.2 2280 MZ-V8P1T0BW,M.2 2280,M.2 PCIe,TLC,1000 GB,5000 MB/s,7000 MB/s,600 TB,Nem,Nem,81390,80.15 x 22.15 x 2.38 mm,Igen
"SAMSUNG 500GB 870 EVO SATA 3 2.5"" MZ-77E500B/EU (Basic garancia)","2.5""",SATA 3,TLC,500 GB,530 MB/s,560 MB/s,300 TB,Nem,Nem,22589,100 x 69.85 x 7 mm,
WD 1TB Blue M.2 SATA M.2 2280 WDS100T2B0B,M.2 2280,M.2 SATA,TLC,1000 GB,530 MB/s,560 MB/s,400 TB,Nem,Nem,35690,,
"SAMSUNG 2TB 860 EVO SATA 3 2.5"" MZ-76E2T0B/EU","2.5""",SATA 3,MLC,2000 GB,520 MB/s,550 MB/s,1200 TB,Nem,Nem,106790,100 X 69.85 X 6.8 mm,
"WD 1TB Green SATA 3 2.5"" WDS100T2G0A","2.5""",SATA 3,TLC,1000 GB,465 MB/s,540 MB/s,0 TB,Nem,Nem,33090,,
SAMSUNG 500GB 860 EVO M.2 SATA M.2 2280 MZ-N6E500BW,M.2 2280,M.2 SATA,MLC,500 GB,520 MB/s,550 MB/s,300 TB,Nem,Nem,23291,80.15 x 22.15 x 2.38 mm,
"WD 480GB Green SATA 3 2.5"" WDS480G2G0A","2.5""",SATA 3,TLC,480 GB,465 MB/s,540 MB/s,80 TB,Nem,Nem,19690,,
WD 500GB Black SN750 M.2 PCIe M.2 2280 WDS500G3X0C,M.2 2280,M.2 PCIe,TLC,500 GB,2600 MB/s,3470 MB/s,300 TB,Nem,Nem,26690,80 x 24.2 x 8.1 mm,Nem
"WD 120GB Green SATA 3 2.5"" WDS120G2G0A","2.5""",SATA 3,TLC,120 GB,430 MB/s,540 MB/s,40 TB,Nem,Nem,10490,,
INTEL 1TB 665P M.2 PCIe M.2 2280 SSDPEKNW010T9X1,M.2 2280,M.2 PCIe,QLC,1000 GB,1925 MB/s,2000 MB/s,300 TB,Nem,Nem,49190,,
"PATRIOT 240GB Burst SATA 3 2.5"" PBU240GS25SSDR","2.5""",SATA 3,TLC,240 GB,455 MB/s,560 MB/s,0 TB,Nem,Nem,14489,,
"CRUCIAL 1TB BX500 SATA 3 2.5"" CT1000BX500SSD1","2.5""",SATA 3,TLC,1000 GB,500 MB/s,540 MB/s,0 TB,Nem,Nem,32090,,
GIGABYTE 512GB NVMe SSD M.2 PCIe M.2 2280 GP-GSM2NE3512GNTD,M.2 2280,M.2 PCIe,TLC,512 GB,1550 MB/s,1700 MB/s,800 TB,Nem,Nem,23190,80 x 22 x 2.3 mm,
SAMSUNG 500GB 980 PRO M.2 PCIe M.2 2280 MZ-V8P500BW (Basic garancia),M.2 2280,M.2 PCIe,TLC,500 GB,5000 MB/s,6900 MB/s,300 TB,Nem,Nem,46690,80.15 x 22.15 x 2.38 mm,Igen
"ADATA 512GB Ultimate SU750 SATA 3 2.5"" ASU750SS-512GT-C","2.5""",SATA 3,TLC,512 GB,520 MB/s,550 MB/s,0 TB,Nem,Nem,22189,100.45 x 69.85 x 7 mm,
SAMSUNG 2TB 970 EVO Plus M.2 PCIe M.2 2280 MZ-V7S2T0BW,M.2 2280,M.2 PCIe,TLC,2000 GB,3300 MB/s,3500 MB/s,1200 TB,Nem,Nem,121690,80.15 x 22.15 x 2.38 mm,
INTEL 1TB 660P M.2 PCIe M.2 2280 SSDPEKNW010T801,M.2 2280,M.2 PCIe,QLC,1000 GB,1800 MB/s,1800 MB/s,200 TB,Nem,Nem,38190,,
"PNY 240GB CS900 SATA 3 2.5"" SSD7CS900-240-PB","2.5""",SATA 3,TLC,240 GB,460 MB/s,560 MB/s,0 TB,Nem,Nem,12590,,
WD 250GB Blue SN550 NVMe M.2 PCIe M.2 2280 WDS250G2B0C,M.2 2280,M.2 PCIe,TLC,250 GB,950 MB/s,2400 MB/s,150 TB,Nem,Nem,14390,80 x 22 x 2.38 mm,
SAMSUNG 500GB 860 EVO M.2 SATA M.2 2280 MZ-N6E500BW (Basic garancia),M.2 2280,M.2 SATA,MLC,500 GB,520 MB/s,550 MB/s,300 TB,Nem,Nem,24091,80.15 x 22.15 x 2.38 mm,
"APACER 128GB AS350 Panther SATA 3 2.5"" 95.DB260.P100C","2.5""",SATA 3,TLC,128 GB,490 MB/s,540 MB/s,0 TB,Nem,Nem,8990,100 x 69.9 x 7 mm,
GIGABYTE 1TB NVMe SSD M.2 PCIe M.2 2280 GP-GSM2NE3100TNTD,M.2 2280,M.2 PCIe,TLC,1000 GB,2100 MB/s,2500 MB/s,1600 TB,Nem,Nem,41890,80 x 22 x 2.3 mm,
"GIGABYTE 256GB Internal SATA 3 2.5"" GP-GSTFS31256GTND","2.5""",SATA 3,TLC,256 GB,500 MB/s,520 MB/s,100 TB,Nem,Nem,13490,,
WD 1TB Blue SN550 NVMe M.2 PCIe M.2 2280 WDS100T2B0C,M.2 2280,M.2 PCIe,TLC,1000 GB,1950 MB/s,2400 MB/s,600 TB,Nem,Nem,41791,80 x 22 x 2.38 mm,
CORSAIR 1TB MP600 M.2 PCIe M.2 2280 CSSD-F1000GBMP600,M.2 2280,M.2 PCIe,TLC,1000 GB,4250 MB/s,4950 MB/s,1800 TB,Nem,Igen,68290,80 x 23 x 15 mm,Igen
"HP 250GB S700 SATA 3 2.5"" 2DP98AA","2.5""",SATA 3,TLC,250 GB,515 MB/s,555 MB/s,295 TB,Nem,Nem,16590,,
SILICON POWER 256GB A60 M.2 2280 SP256GBP34A60M28,M.2 2280,M.2 PCIe,TLC,256 GB,1600 MB/s,2200 MB/s,150 TB,Nem,Nem,12690,22.0 x 80.0 x 3.5 mm,
"WD 1TB Red SA500 NAS SATA 3 2.5"" WDS100T1R0A","2.5""",SATA 3,TLC,1000 GB,530 MB/s,560 MB/s,600 TB,Nem,Nem,43990,100 x 69.85 x 7 mm,
"APACER 120GB AS340 PANTHER SATA 3 2.5"" AP120GAS340G-1","2.5""",SATA 3,TLC,120 GB,375 MB/s,450 MB/s,0 TB,Nem,Nem,8990,,
"SAMSUNG 2TB 870 QVO SATA 3 2.5"" MZ-77Q2T0BW (Basic garancia)","2.5""",SATA 3,QLC,2000 GB,520 MB/s,550 MB/s,720 TB,Nem,Nem,73790,100 x 69.85 x 6.8 mm,
SAMSUNG 2TB 970 EVO Plus M.2 PCIe M.2 2280 MZ-V7S2T0BW (Basic garancia),M.2 2280,M.2 PCIe,TLC,2000 GB,3300 MB/s,3500 MB/s,1200 TB,Nem,Nem,116990,80.15 x 22.15 x 2.38 mm,
ADATA 512GB XPG SPECTRIX S40G RGB M.2 PCIe M.2 2280 AS40G-512GT-C,M.2 2280,M.2 PCIe,TLC,512 GB,2400 MB/s,3500 MB/s,320 TB,Igen,Nem,28790,22 x 80 x 8 mm,
SILICON POWER 512GB P34A80 M.2 PCIe M.2 2280 SP512GBP34A80M28,M.2 2280,M.2 PCIe,TLC,512 GB,3000 MB/s,3200 MB/s,800 TB,Nem,Nem,26490,22 x 80 x 3.5 mm,
WD 1TB Black SN750 M.2 PCIe M.2 2280 WDS100T3X0C,M.2 2280,M.2 PCIe,TLC,1000 GB,3000 MB/s,3470 MB/s,600 TB,Nem,Nem,58490,80 x 24.2 x 8.1 mm,
"KIOXIA 240GB Exceria SATA 3 2.5"" LTC10Z240GG8","2.5""",SATA 3,TLC,240 GB,540 MB/s,550 MB/s,60 TB,Nem,Nem,12189,100.45 x 70.10 x 7.20 mm,
SAMSUNG 1TB 860 EVO M.2 SATA M.2 2280 MZ-N6E1T0BW,M.2 2280,M.2 SATA,MLC,1000 GB,520 MB/s,550 MB/s,600 TB,Nem,Nem,42490,80.15 x 22.15 x 2.38 mm,
"SAMSUNG 256GB 860 PRO SATA 3 2.5"" MZ-76P256B/EU (Basic garancia)","2.5""",SATA 3,MLC,256 GB,530 MB/s,560 MB/s,300 TB,Nem,Nem,27490,100 X 69.85 X 6.8 mm,
SAMSUNG 500GB 980 M.2 PCIe M.2 2280 MZ-V8V500BW,M.2 2280,M.2 PCIe,TLC,500 GB,2600 MB/s,3100 MB/s,300 TB,Nem,Nem,26789,80.15 x 22.15 x 2.38 mm,
WD 250GB Black SN750 M.2 PCIe M.2 2280 WDS250G3X0C,M.2 2280,M.2 PCIe,TLC,250 GB,1600 MB/s,3100 MB/s,200 TB,Nem,Nem,18590,80 x 24.2 x 8.1 mm,
WD 500GB Blue SN550 NVMe M.2 PCIe M.2 2280 WDS500G2B0C,M.2 2280,M.2 PCIe,TLC,500 GB,1750 MB/s,2400 MB/s,300 TB,Nem,Nem,21290,80 x 22 x 2.38 mm,
ADATA 2TB XPG SX8200 Pro M.2 PCIe M.2 2280 ASX8200PNP-2TT-C,M.2 2280,M.2 PCIe,TLC,2000 GB,3000 MB/s,3500 MB/s,1280 TB,Nem,Nem,91190,22 x 80 x 3.5 mm,
"ADATA 512GB Ultimate SU800 SATA 3 2.5"" ASU800SS-512GT-C","2.5""",SATA 3,TLC,512 GB,520 MB/s,560 MB/s,400 TB,Nem,Nem,23490,,
WD 120GB Green M.2 SATA M.2 2280 WDS120G2G0B,M.2 2280,M.2 SATA,TLC,120 GB,430 MB/s,545 MB/s,0 TB,Nem,Nem,9990,,
ADATA 256GB XPG SX8200 Pro M.2 PCIe M.2 2280 ASX8200PNP-256GT-C,M.2 2280,M.2 PCIe,TLC,256 GB,1200 MB/s,3500 MB/s,160 TB,Nem,Nem,19889,22 x 80 x 3.5 mm,
SAMSUNG 250GB 860 EVO M.2 SATA M.2 2280 MZ-N6E250BW (Basic garancia),M.2 2280,M.2 SATA,MLC,250 GB,520 MB/s,550 MB/s,150 TB,Nem,Nem,15790,80.15 x 22.15 x 2.38 mm,
SAMSUNG 250GB 980 PRO M.2 PCIe M.2 2280 MZ-V8P250BW,M.2 2280,M.2 PCIe,TLC,250 GB,2700 MB/s,6400 MB/s,150 TB,Nem,Nem,29489,80.15 x 22.15 x 2.38 mm,Igen
"SAMSUNG 256GB 860 PRO SATA 3 2.5"" MZ-76P256B/EU","2.5""",SATA 3,MLC,256 GB,530 MB/s,560 MB/s,300 TB,Nem,Nem,31590,100 X 69.85 X 6.8 mm,
"SAMSUNG 2TB 870 EVO SATA 3 2.5"" MZ-77E2T0B/EU","2.5""",SATA 3,TLC,2000 GB,530 MB/s,560 MB/s,1200 TB,Nem,Nem,86290,100 x 69.85 x 7 mm,
SILICON POWER 256GB P34A80 M.2 PCIe M.2 2280 SP256GBP34A80M28,M.2 2280,M.2 PCIe,TLC,256 GB,3000 MB/s,3200 MB/s,380 TB,Nem,Nem,17189,22 x 80 x 3.5 mm,
CRUCIAL 500GB MX500 M.2 SATA M.2 2280 CT500MX500SSD4,M.2 2280,M.2 SATA,TLC,500 GB,510 MB/s,560 MB/s,180 TB,Nem,Nem,23190,,
"INTENSO 256GB Top SATA 3 2.5"" 3812440","2.5""",SATA 3,MLC,256 GB,400 MB/s,520 MB/s,0 TB,Nem,Nem,11090,,
"SAMSUNG 512GB 860 PRO SATA 3 2.5"" MZ-76P512B/EU (Basic garancia)","2.5""",SATA 3,MLC,512 GB,530 MB/s,560 MB/s,600 TB,Nem,Nem,41590,100 X 69.85 X 6.8 mm,
SILICON POWER 1TB P34A80 M.2 PCIe M.2 2280 SP001TBP34A80M28,M.2 2280,M.2 PCIe,TLC,1000 GB,3000 MB/s,3200 MB/s,1665 TB,Nem,Nem,45590,22 x 80 x 3.5 mm,
TRANSCEND 240GB MTS420 M.2 SATA M.2 2242 TS240GMTS420S,M.2 2242,M.2 SATA,TLC,240 GB,500 MB/s,560 MB/s,0 TB,Nem,Nem,13090,,
GIGABYTE 512GB Aorus RGB M.2 PCIe M.2 2280 GP-ASM2NE2512GTTDR,M.2 2280,M.2 PCIe,TLC,512 GB,2000 MB/s,3840 MB/s,800 TB,Igen,Igen,37890,,
"KINGSTON 240GB UV500 mSATA 2.5"" SUV500MS/240G",mSATA,mSATA,TLC,240 GB,500 MB/s,520 MB/s,100 TB,Nem,Nem,15890,100.1 x 69.85 x 7 mm,
PATRIOT 256GB P300 M.2 PCIe M.2 2280 P300P256GM28,M.2 2280,M.2 PCIe,TLC,256 GB,1100 MB/s,1700 MB/s,80 TB,Nem,Nem,13590,80 x 22 x 4 mm,
TRANSCEND 1TB 220S M.2 PCIe M.2 2280 TS1TMTE220S,M.2 2280,M.2 PCIe,TLC,1000 GB,1900 MB/s,3400 MB/s,2200 TB,Nem,Nem,53990,80 x 22 x 3.58 mm,
"GIGABYTE 480GB Internal SATA 3 2.5"" GP-GSTFS31480GNTD","2.5""",SATA 3,TLC,480 GB,480 MB/s,550 MB/s,200 TB,Nem,Nem,19889,,
PATRIOT 256GB VPN100 M.2 PCIe M.2 2280 VPN100-256GM28H,M.2 2280,M.2 PCIe,TLC,256 GB,1000 MB/s,3000 MB/s,0 TB,Nem,Igen,17790,22 x 80 x 10.5 mm,
SAMSUNG 250GB 980 PRO M.2 PCIe M.2 2280 MZ-V8P250BW (Basic garancia),M.2 2280,M.2 PCIe,TLC,250 GB,2700 MB/s,6400 MB/s,150 TB,Nem,Nem,28890,80.15 x 22.15 x 2.38 mm,Igen
"WD 500GB Red SA500 NAS SATA 3 2.5"" WDS500G1R0A","2.5""",SATA 3,TLC,500 GB,530 MB/s,560 MB/s,350 TB,Nem,Nem,22490,100 x 69.85 x 7 mm,
CRUCIAL 500GB P5 M.2 PCIe M.2 2280 CT500P5SSD8,M.2 2280,M.2 PCIe,TLC,500 GB,3000 MB/s,3400 MB/s,300 TB,Nem,Nem,26490,,
"INTENSO 128GB Top SATA 3 2.5"" 3812430","2.5""",SATA 3,MLC,128 GB,300 MB/s,520 MB/s,0 TB,Nem,Nem,7990,,
SAMSUNG 512GB 970 PRO M.2 PCIe M.2 2280 MZ-V7P512BW (Basic garancia),M.2 2280,M.2 PCIe,MLC,512 GB,2300 MB/s,3500 MB/s,600 TB,Nem,Nem,53090,80.15 x 22.15 x 2.38 mm,
TRANSCEND 256GB 430S M.2 SATA M.2 2242 TS256GMTS430S,M.2 2242,M.2 SATA,TLC,256 GB,500 MB/s,560 MB/s,140 TB,Nem,Nem,14390,42 x 22 x 3.58 mm,
TRANSCEND 512GB 110s M.2 PCIe M.2 2280 TS512GMTE110S,M.2 2280,M.2 PCIe,TLC,512 GB,1500 MB/s,1800 MB/s,0 TB,Nem,Nem,22290,80 x 22 x 3.58 mm,
"KINGSTON 120GB UV500 mSATA 2.5"" SUV500MS/120G",mSATA,mSATA,TLC,120 GB,300 MB/s,520 MB/s,60 TB,Nem,Nem,11690,100.1 x 69.85 x 7 mm,
"PATRIOT 120GB Burst Elite SATA 3 2.5"" PBE120GS25SSDR","2.5""",SATA 3,TLC,120 GB,320 MB/s,450 MB/s,50 TB,Nem,Nem,8590,100 x 69 x 7 mm,
"SAMSUNG 1TB 860 PRO SATA 3 2.5"" MZ-76P1T0B/EU (Basic garancia)","2.5""",SATA 3,MLC,1000 GB,530 MB/s,560 MB/s,1200 TB,Nem,Nem,81690,100 X 69.85 X 6.8 mm,
"SAMSUNG 4TB 860 EVO SATA 3 2.5"" MZ-76E4T0B/EU","2.5""",SATA 3,MLC,4000 GB,520 MB/s,550 MB/s,2400 TB,Nem,Nem,217689,100 X 69.85 X 6.8 mm,
"TEAM GROUP 480GB GX1 SATA 3 2.5"" T253X1480G0C101","2.5""",SATA 3,TLC,480 GB,430 MB/s,530 MB/s,120 TB,Nem,Nem,17490,100 x 70 x 7 mm,
"PATRIOT 256GB P210 SATA 3 2.5"" P210S256G25","2.5""",SATA 3,TLC,256 GB,400 MB/s,500 MB/s,0 TB,Nem,Nem,12490,100 x 69.6 x 7 mm,
WD 480GB Green M.2 SATA M.2 2280 WDS480G2G0B,M.2 2280,M.2 SATA,TLC,480 GB,465 MB/s,540 MB/s,0 TB,Nem,Nem,19590,,
"ADATA 120GB Ultimate SU650 SATA 3 2.5"" ASU650SS-120GT","2.5""",SATA 3,TLC,120 GB,320 MB/s,520 MB/s,70 TB,Nem,Nem,9190,,
ADATA 1TB XPG SPECTRIX S40G RGB M.2 PCIe M.2 2280 AS40G-1TT-C,M.2 2280,M.2 PCIe,TLC,1000 GB,3000 MB/s,3500 MB/s,640 TB,Igen,Nem,52290,22 x 80 x 8 mm,
"KINGSTON 1TB KC600 SATA 3 2.5"" SKC600/1024G","2.5""",SATA 3,TLC,1000 GB,520 MB/s,550 MB/s,600 TB,Nem,Nem,43290,100.1 x 69.85 x 7 mm,
SAMSUNG 1TB 980 PRO M.2 PCIe M.2 2280 MZ-V8P1T0BW (Basic garancia),M.2 2280,M.2 PCIe,TLC,1000 GB,5000 MB/s,7000 MB/s,600 TB,Nem,Nem,76590,80.15 x 22.15 x 2.38 mm,Igen
"ADATA 256GB Ultimate SU750 SATA 3 2.5"" ASU750SS-256GT-C","2.5""",SATA 3,TLC,256 GB,520 MB/s,550 MB/s,0 TB,Nem,Nem,14590,100.45 x 69.85 x 7 mm,
APACER 120GB AST280 M.2 SATA M.2 2280 AP120GAST280-1,M.2 2280,M.2 SATA,TLC,120 GB,470 MB/s,500 MB/s,0 TB,Nem,Nem,10190,,
"KINGSTON 480GB UV500 mSATA 2.5"" SUV500MS/480G",mSATA,mSATA,TLC,480 GB,500 MB/s,520 MB/s,200 TB,Nem,Nem,28790,100.1 x 69.85 x 7 mm,
"SAMSUNG 2TB 870 QVO SATA 3 2.5"" MZ-77Q2T0BW","2.5""",SATA 3,QLC,2000 GB,520 MB/s,550 MB/s,720 TB,Nem,Nem,73090,100 x 69.85 x 6.8 mm,
"SAMSUNG 4TB 870 EVO SATA 3 2.5"" MZ-77E4T0B/EU","2.5""",SATA 3,TLC,4000 GB,530 MB/s,560 MB/s,2400 TB,Nem,Nem,167890,100 x 69.85 x 7 mm,
TRANSCEND 512GB 430S M.2 SATA M.2 2242 TS512GMTS430S,M.2 2242,M.2 SATA,TLC,512 GB,500 MB/s,560 MB/s,280 TB,Nem,Nem,25090,42 x 22 x 3.58 mm,
ADATA 512GB XPG Gammix S11 Pro M.2 PCIe M.2 2280 AGAMMIXS11P-512GT-C,M.2 2280,M.2 PCIe,TLC,512 GB,2300 MB/s,3500 MB/s,320 TB,Nem,Igen,28590,,
"APACER 240GB AS340 PANTHER SATA 3 2.5"" AP240GAS340G-1","2.5""",SATA 3,TLC,240 GB,410 MB/s,505 MB/s,0 TB,Nem,Nem,12590,,
GIGABYTE 128GB NVMe SSD M.2 PCIe M.2 2280 GP-GSM2NE3128GNTD,M.2 2280,M.2 PCIe,TLC,128 GB,550 MB/s,1550 MB/s,110 TB,Nem,Nem,12189,80 x 22 x 2.3 mm,
"INTENSO 480GB High SATA 3 2.5"" 3813450","2.5""",SATA 3,MLC,480 GB,500 MB/s,520 MB/s,0 TB,Nem,Nem,17990,,
"INTENSO 512GB Top SATA 3 2.5"" 3812450","2.5""",SATA 3,MLC,512 GB,490 MB/s,520 MB/s,0 TB,Nem,Nem,17490,,
KINGSTON 120GB A400 M.2 SATA M.2 2280 SA400M8/120G,M.2 2280,M.2 SATA,TLC,120 GB,320 MB/s,500 MB/s,40 TB,Nem,Nem,9590,80 x 22 x 1.35 mm,
"PNY 480GB CS900 SATA 3 2.5"" SSD7CS900-480-PB","2.5""",SATA 3,TLC,480 GB,470 MB/s,555 MB/s,0 TB,Nem,Nem,17690,,
"SAMSUNG 1TB 860 PRO SATA 3 2.5"" MZ-76P1T0B/EU","2.5""",SATA 3,MLC,1000 GB,530 MB/s,560 MB/s,1200 TB,Nem,Nem,84091,100 X 69.85 X 6.8 mm,
"ADATA 256GB Ultimate SU800 SATA 3 2.5"" ASU800SS-256GT-C","2.5""",SATA 3,TLC,256 GB,520 MB/s,560 MB/s,200 TB,Nem,Nem,15790,,
ADATA 256GB XPG SPECTRIX S40G RGB M.2 PCIe M.2 2280 AS40G-256GT-C,M.2 2280,M.2 PCIe,TLC,256 GB,1200 MB/s,3500 MB/s,160 TB,Igen,Nem,18691,22 x 80 x 8 mm,
ADATA 512GB XPG GAMMIX S5 M.2 PCIe M.2 2280 AGAMMIXS5-512GT-C,M.2 2280,M.2 PCIe,TLC,512 GB,1500 MB/s,2100 MB/s,300 TB,Nem,Igen,24889,22 x 80 x 3.7 mm,
APACER 240GB AS2280P4 M.2 PCIe M.2 2280 AP240GAS2280P4-1,M.2 2280,M.2 PCIe,TLC,240 GB,1100 MB/s,1800 MB/s,200 TB,Nem,Nem,12390,80 x 22 x 2.25 mm,
"TEAM GROUP 120GB GX1 SATA 3 2.5"" T253X1120G0C101","2.5""",SATA 3,TLC,120 GB,320 MB/s,500 MB/s,30 TB,Nem,Nem,10090,100 x 70 x 7 mm,
ADATA 256GB XPG GAMMIX S5 M.2 PCIe M.2 2280 AGAMMIXS5-256GT-C,M.2 2280,M.2 PCIe,TLC,256 GB,1200 MB/s,2100 MB/s,150 TB,Nem,Igen,16090,22 x 80 x 3.7 mm,
TRANSCEND 256GB 110s M.2 PCIe M.2 2280 TS256GMTE110S,M.2 2280,M.2 PCIe,TLC,256 GB,1500 MB/s,1800 MB/s,0 TB,Nem,Nem,13790,80 x 22 x 3.58 mm,
"INTEGRALMEMORY 120GB P5 SATA 3 2.5"" INSSD120GS625P5","2.5""",SATA 3,TLC,120 GB,540 MB/s,560 MB/s,181 TB,Nem,Nem,10890,,
INTENSO 256GB Top M.2 SATA M.2 2280 3832440,M.2 2280,M.2 SATA,MLC,256 GB,400 MB/s,520 MB/s,0 TB,Nem,Nem,11090,,
"KINGMAX 120GB SMV32 SATA 3 2.5"" KM120GSMV32","2.5""",SATA 3,TLC,120 GB,300 MB/s,500 MB/s,0 TB,Nem,Nem,9190,100 x 69.85 x 7 mm,
"SANDISK 240GB Plus SATA 3 2.5"" SDSSDA-240G-G26","2.5""",SATA 3,MLC,240 GB,440 MB/s,530 MB/s,0 TB,Nem,Nem,16090,,
"SILICON POWER 256GB Ace A55 SATA 3 2.5"" SP256GBSS3A55S25","2.5""",SATA 3,TLC,256 GB,450 MB/s,500 MB/s,0 TB,Nem,Nem,12490,,
ADATA 1TB Swordfish M.2 PCIe M.2 2280 ASWORDFISH-1T-C,M.2 2280,M.2 PCIe,TLC,1000 GB,1200 MB/s,1800 MB/s,480 TB,Nem,Igen,42589,80 x 22 x 3.85 mm,
"ADATA 240GB Ultimate SU630 SATA 3 2.5"" ASU630SS-240GQ-R","2.5""",SATA 3,QLC,240 GB,450 MB/s,520 MB/s,50 TB,Nem,Nem,12790,100.45 x 69.85 x 7 mm,
"CRUCIAL 2TB MX500 SATA 3 2.5"" CT2000MX500SSD1","2.5""",SATA 3,TLC,2000 GB,510 MB/s,560 MB/s,700 TB,Nem,Nem,77589,,
GIGABYTE 1TB AORUS NVMe GEN4 SSD M.2 PCIe M.2 2280,M.2 2280,M.2 PCIe,TLC,1000 GB,4400 MB/s,5000 MB/s,1800 TB,Nem,Igen,77191,80.5 x 11.4 x 23.5 mm,Igen
GIGABYTE 500GB AORUS Gen4 M.2 PCIe M.2 2280 GP-AG4500G,M.2 2280,M.2 PCIe,TLC,500 GB,2500 MB/s,5000 MB/s,850 TB,Nem,Nem,37589,8‎0.5 x 11.4 x 23.5 mm,Igen
INTEL 2TB 660P M.2 PCIe M.2 2280 SSDPEKNW020T801,M.2 2280,M.2 PCIe,QLC,2000 GB,1800 MB/s,1800 MB/s,400 TB,Nem,Nem,85289,,
"KINGMAX 240GB SMV32 SATA 3 2.5"" KM240GSMV32","2.5""",SATA 3,TLC,240 GB,300 MB/s,500 MB/s,0 TB,Nem,Nem,12790,100 x 69.85 x 7 mm,
PATRIOT 512GB VPN100 M.2 PCIe M.2 2280 VPN100-512GM28H,M.2 2280,M.2 PCIe,TLC,512 GB,2200 MB/s,3300 MB/s,0 TB,Nem,Igen,28590,22 x 80 x 10.5 mm,
"SAMSUNG 1TB 870 EVO SATA 3 2.5"" MZ-77E1T0B/EU (Basic garancia)","2.5""",SATA 3,TLC,1000 GB,530 MB/s,560 MB/s,600 TB,Nem,Nem,41290,100 x 69.85 x 7 mm,
TRANSCEND 120GB MTS820 M.2 SATA M.2 2280 TS120GMTS820S,M.2 2280,M.2 SATA,MLC,120 GB,510 MB/s,560 MB/s,0 TB,Nem,Nem,8490,,
TRANSCEND 2TB 220S M.2 PCIe M.2 2280 TS2TMTE220S,M.2 2280,M.2 PCIe,TLC,2000 GB,2700 MB/s,3500 MB/s,4400 TB,Nem,Nem,103190,80 x 22 x 3.58 mm,
"VERBATIM 128GB Vi550 S3 SATA 3 2.5"" 49350","2.5""",SATA 3,TLC,128 GB,425 MB/s,560 MB/s,86 TB,Nem,Nem,9489,,
APACER 256GB AS2280P4 M.2 PCIe M.2 2280 AP256GAS2280P4-1,M.2 2280,M.2 PCIe,TLC,256 GB,1100 MB/s,1800 MB/s,200 TB,Nem,Nem,13590,80 x 22 x 2.38 mm,
"APACER 512GB AS350 Panther SATA 3 2.5"" 95.DB2E0.P100C","2.5""",SATA 3,TLC,512 GB,510 MB/s,540 MB/s,0 TB,Nem,Nem,20290,100 x 69.9 x 7 mm,
KINGMAX 256GB PQ3480 M.2 PCIe M.2 2280 KMPQ3480-256G,M.2 2280,M.2 PCIe,TLC,256 GB,1200 MB/s,1950 MB/s,0 TB,Nem,Nem,13590,22 x 80 mm,
"PATRIOT 512GB P210 SATA 3 2.5"" P210S512G25","2.5""",SATA 3,TLC,512 GB,430 MB/s,520 MB/s,0 TB,Nem,Nem,20991,100 x 69.6 x 7 mm,
"SILICON POWER 128GB Ace A55 SATA 3 2.5"" SP128GBSS3A55S25","2.5""",SATA 3,TLC,128 GB,450 MB/s,500 MB/s,0 TB,Nem,Nem,8590,,
ADATA 1TB Gammix S50 Lite M.2 PCIe M.2 2280 AGAMMIXS50L-1T-C,M.2 2280,M.2 PCIe,TLC,1000 GB,3200 MB/s,3900 MB/s,740 TB,Nem,Igen,52189,80 x 22 x 4.3 mm,
CRUCIAL 250GB MX500 M.2 SATA M.2 2280 CT250MX500SSD4,M.2 2280,M.2 SATA,TLC,250 GB,510 MB/s,560 MB/s,100 TB,Nem,Nem,14990,,
INTENSO 128GB Top M.2 SATA M.2 2280 3832430,M.2 2280,M.2 SATA,MLC,128 GB,300 MB/s,520 MB/s,0 TB,Nem,Nem,7590,,
KINGSTON 500GB KC2500 M.2 PCIe M.2 2280 SKC2500M8/500G,M.2 2280,M.2 PCIe,TLC,500 GB,2500 MB/s,3500 MB/s,300 TB,Nem,Nem,27490,80 x 22 x 3.5 mm,
SAMSUNG 1TB 860 EVO M.2 SATA M.2 2280 MZ-N6E1T0BW (Basic garancia),M.2 2280,M.2 SATA,MLC,1000 GB,520 MB/s,550 MB/s,600 TB,Nem,Nem,41391,80.15 x 22.15 x 2.38 mm,
"SAMSUNG 4TB 870 QVO SATA 3 2.5"" MZ-77Q4T0BW (Basic garancia)","2.5""",SATA 3,QLC,4000 GB,520 MB/s,550 MB/s,1440 TB,Nem,Nem,139790,100 x 69.85 x 6.8 mm,
SILICON POWER 128GB A55 M.2 SATA M.2 2280 SP128GBSS3A55M28,M.2 2280,M.2 SATA,TLC,128 GB,530 MB/s,560 MB/s,65 TB,Nem,Nem,8790,22.0 x 80.0 x 3.5 mm,
"SILICON POWER 1TB Ace A55 SATA 3 2.5"" SP001TBSS3A55S25","2.5""",SATA 3,TLC,1000 GB,450 MB/s,500 MB/s,0 TB,Nem,Nem,34190,,
"WD 2TB Blue SATA 3 2.5"" WDS200T2B0A","2.5""",SATA 3,TLC,2000 GB,530 MB/s,560 MB/s,500 TB,Nem,Nem,79990,,
CRUCIAL 1TB P2 M.2 PCIe M.2 2280 CT1000P2SSD8,M.2 2280,M.2 PCIe,TLC,1000 GB,1800 MB/s,2400 MB/s,300 TB,Nem,Nem,37990,,
GIGABYTE 256GB Aorus RGB M.2 PCIe M.2 2280 GP-ASM2NE2256GTTDR,M.2 2280,M.2 PCIe,TLC,256 GB,1050 MB/s,3100 MB/s,380 TB,Igen,Igen,21690,,
"SANDISK 500GB Ultra SATA 3 2.5"" SDSSDH3-500G-G25","2.5""",SATA 3,MLC,500 GB,530 MB/s,560 MB/s,200 TB,Nem,Nem,25090,,
SILICON POWER 500GB UD70 M.2 PCIe M.2 2280 SP500GBP34UD7005,M.2 2280,M.2 PCIe,QLC,500 GB,3000 MB/s,3400 MB/s,120 TB,Nem,Nem,23790,22.0 x 80.0 x 3.5 mm,
TRANSCEND 128GB 110s M.2 PCIe M.2 2280 TS128GMTE110S,M.2 2280,M.2 PCIe,TLC,128 GB,1500 MB/s,1800 MB/s,0 TB,Nem,Nem,11690,80 x 22 x 3.58 mm,
CORSAIR 960GB MP510 M.2 PCIe M.2 2280 CSSD-F960GBMP510B,M.2 2280,M.2 PCIe,TLC,960 GB,3000 MB/s,3840 MB/s,720 TB,Nem,Nem,55890,,
CRUCIAL 250GB P2 M.2 PCIe M.2 2280 CT250P2SSD8,M.2 2280,M.2 PCIe,TLC,250 GB,1150 MB/s,2100 MB/s,150 TB,Nem,Nem,17189,,
CRUCIAL 500GB P2 M.2 PCIe M.2 2280 CT500P2SSD8,M.2 2280,M.2 PCIe,TLC,500 GB,940 MB/s,2300 MB/s,150 TB,Nem,Nem,20790,,
"GIGABYTE 1TB Internal SATA 3 2.5"" GP-GSTFS31100TNTD","2.5""",SATA 3,TLC,1000 GB,500 MB/s,550 MB/s,600 TB,Nem,Nem,37390,,
GIGABYTE 500GB AORUS NVMe GEN4 SSD M.2 PCIe M.2 2280,M.2 2280,M.2 PCIe,TLC,500 GB,2500 MB/s,5000 MB/s,850 TB,Nem,Igen,46990,80.5 x 11.4 x 23.5 mm,Igen
GOODRAM 240GB S400u M.2 SATA M.2 2242 SSDPR-S400U-240-42,M.2 2242,M.2 SATA,TLC,240 GB,450 MB/s,550 MB/s,0 TB,Nem,Nem,12891,42 x 22 x 3.5 mm,
KINGSTON 250GB KC2500 M.2 PCIe M.2 2280 SKC2500M8/250G,M.2 2280,M.2 PCIe,TLC,250 GB,1200 MB/s,3500 MB/s,150 TB,Nem,Nem,17490,80 x 22 x 3.5 mm,
SAMSUNG 1TB 980 M.2 PCIe M.2 2280 MZ-V8V1T0BW,M.2 2280,M.2 PCIe,TLC,1000 GB,3000 MB/s,3500 MB/s,600 TB,Nem,Nem,51890,80.15 x 22.15 x 2.38 mm,
SAMSUNG 512GB 970 PRO M.2 PCIe M.2 2280 MZ-V7P512BW,M.2 2280,M.2 PCIe,MLC,512 GB,2300 MB/s,3500 MB/s,600 TB,Nem,Nem,71290,80.15 x 22.15 x 2.38 mm,
"SANDISK 480GB Plus SATA 3 2.5"" SDSSDA-480G-G26","2.5""",SATA 3,MLC,480 GB,445 MB/s,535 MB/s,0 TB,Nem,Nem,19190,,
SILICON POWER 2TB P34A80 M.2 PCIe M.2 2280 SP002TBP34A80M28,M.2 2280,M.2 PCIe,TLC,2000 GB,3000 MB/s,3200 MB/s,3115 TB,Nem,Nem,92090,22 x 80 x 3.5 mm,
"TRANSCEND 32GB Internal PATA/IDE 2.5"" TS32GPSD330","2.5""",PATA/IDE,MLC,32 GB,67 MB/s,120 MB/s,45 TB,Nem,Nem,17590,,
TRANSCEND 64GB 230S mSATA TS64GMSA230S,mSATA,mSATA,TLC,64 GB,200 MB/s,390 MB/s,40 TB,Nem,Nem,10690,50.8 x 29.85 x 4.85 mm,
WD 250GB Blue M.2 SATA M.2 2280 WDS250G2B0B,M.2 2280,M.2 SATA,TLC,250 GB,500 MB/s,525 MB/s,100 TB,Nem,Nem,13890,,
WD 500GB Black SN850 M.2 PCIe M.2 2280 WDS500G1X0E-00AFY0,M.2 2280,M.2 PCIe,TLC,500 GB,4100 MB/s,7000 MB/s,300 TB,Nem,Nem,55590,80 x 22 x 2.38 mm,Igen
"APACER 240GB AS350 Panther SATA 3 2.5"" AP240GAS350-1","2.5""",SATA 3,TLC,240 GB,298 MB/s,310 MB/s,0 TB,Nem,Nem,13490,100 x 69.9 x 7 mm,
CRUCIAL 250GB P5 M.2 PCIe M.2 2280 CT250P5SSD8,M.2 2280,M.2 PCIe,TLC,250 GB,1400 MB/s,3400 MB/s,150 TB,Nem,Nem,19190,,
"CRUCIAL 2TB BX500 SATA 3 2.5"" CT2000BX500SSD1","2.5""",SATA 3,TLC,2000 GB,500 MB/s,540 MB/s,0 TB,Nem,Nem,69590,,
"KINGSTON 512GB KC600 SATA 3 2.5"" SKC600B/512G","2.5""",SATA 3,TLC,512 GB,520 MB/s,550 MB/s,300 TB,Nem,Nem,33790,100.1 x 69.85 x 7 mm,
PATRIOT 1TB VP4100 M.2 PCIe M.2 2280 VP4100-1TBM28H,M.2 2280,M.2 PCIe,TLC,1000 GB,4400 MB/s,5000 MB/s,1800 TB,Nem,Igen,75990,22 x 80 x 7 mm,Igen
"PATRIOT 240GB Burst Elite SATA 3 2.5"" PBE240GS25SSDR","2.5""",SATA 3,TLC,240 GB,320 MB/s,450 MB/s,160 TB,Nem,Nem,12690,100 x 69 x 7 mm,
"SILICON POWER 120GB Slim S55 SATA 3 2.5"" SP120GBSS3S55S25","2.5""",SATA 3,TLC,120 GB,350 MB/s,500 MB/s,65 TB,Nem,Nem,8790,,
TRANSCEND 128GB 430S M.2 SATA M.2 2242 TS128GMTS430S,M.2 2242,M.2 SATA,TLC,128 GB,500 MB/s,560 MB/s,280 TB,Nem,Nem,10290,42 x 22 x 3.58 mm,
WD 1TB Black SN850 M.2 PCIe M.2 2280 WDS100T1X0E-00AFY0,M.2 2280,M.2 PCIe,TLC,1000 GB,5300 MB/s,7000 MB/s,600 TB,Nem,Nem,88990,80 x 22 x 2.38 mm,Igen
ADATA 250GB Swordfish M.2 PCIe M.2 2280 ASWORDFISH-250G-C,M.2 2280,M.2 PCIe,TLC,250 GB,900 MB/s,1800 MB/s,120 TB,Nem,Igen,14690,80 x 22 x 3.85 mm,
ADATA 256GB XPG Gammix S11 Pro M.2 PCIe M.2 2280 AGAMMIXS11P-256GT-C,M.2 2280,M.2 SATA,TLC,256 GB,1200 MB/s,3500 MB/s,160 TB,Nem,Igen,18291,,
ADATA 512GB SX6000 Lite M.2 PCIe M.2 2280 ASX6000LNP-512GT-C,M.2 2280,M.2 PCIe,TLC,512 GB,1200 MB/s,1800 MB/s,240 TB,Nem,Nem,25490,22 x 80 x 2.15 mm,
APACER 512GB AS2280P4 M.2 PCIe M.2 2280 AP512GAS2280P4-1,M.2 2280,M.2 PCIe,TLC,512 GB,1500 MB/s,2100 MB/s,400 TB,Nem,Nem,21490,80 x 22 x 2.38 mm,
CORSAIR 240GB Force MP510 M.2 PCIe M.2 2280 CSSD-F240GBMP510,M.2 2280,M.2 PCIe,TLC,240 GB,1050 MB/s,3100 MB/s,400 TB,Nem,Nem,19690,80 x 22 x 3 mm,
CORSAIR 2TB MP600 M.2 PCIe M.2 2280 CSSD-F2000GBMP600,M.2 2280,M.2 PCIe,TLC,2000 GB,4250 MB/s,4950 MB/s,3600 TB,Nem,Igen,131890,80 x 23 x 15 mm,Igen
"INTENSO 120GB High SATA 3 2.5"" 3813430","2.5""",SATA 3,MLC,120 GB,500 MB/s,520 MB/s,150 TB,Nem,Nem,8691,,
"SAMSUNG 2TB 870 EVO SATA 3 2.5"" MZ-77E2T0B/EU (Basic garancia)","2.5""",SATA 3,TLC,2000 GB,530 MB/s,560 MB/s,1200 TB,Nem,Nem,86990,100 x 69.85 x 7 mm,
"TEAM GROUP 240GB GX1 SATA 3 2.5"" T253X1240G0C101","2.5""",SATA 3,TLC,240 GB,400 MB/s,500 MB/s,60 TB,Nem,Nem,12090,100 x 70 x 7 mm,
TRANSCEND 256GB 230S mSATA TS256GMSA230S,mSATA,mSATA,TLC,256 GB,400 MB/s,530 MB/s,160 TB,Nem,Nem,15690,50.8 x 29.85 x 4.85 mm,
"VERBATIM 256GB Vi550 S3 SATA 3 2.5"" 49351","2.5""",SATA 3,TLC,256 GB,540 MB/s,560 MB/s,150 TB,Nem,Nem,14190,,
"ADATA 240GB Ultimate SU650 SATA 3 2.5"" ASU650SS-240GT","2.5""",SATA 3,TLC,240 GB,450 MB/s,520 MB/s,140 TB,Nem,Nem,12690,,
"ADATA 480GB Ultimate SU630 SATA 3 2.5"" ASU630SS-480GQ-R","2.5""",SATA 3,QLC,480 GB,450 MB/s,520 MB/s,100 TB,Nem,Nem,22290,100.45 x 69.85 x 7 mm,
ADATA 4TB XPG SPECTRIX S40G RGB M.2 PCIe M.2 2280 AS40G-4TT-C,M.2 2280,M.2 PCIe,TLC,4000 GB,3000 MB/s,3500 MB/s,2560 TB,Igen,Nem,173190,22 x 80 x 8 mm,
ADATA 500GB Swordfish M.2 PCIe M.2 2280 ASWORDFISH-500G-C,M.2 2280,M.2 PCIe,TLC,500 GB,1200 MB/s,1800 MB/s,240 TB,Nem,Igen,24489,80 x 22 x 3.85 mm,
ADATA 512GB SX6000 Pro M.2 PCIe M.2 2280 ASX6000PNP-512GT-C,M.2 2280,M.2 PCIe,TLC,512 GB,1500 MB/s,2100 MB/s,300 TB,Nem,Nem,24889,22 x 80 x 2.15 mm,
APACER 240GB AS2280P2 PRO M.2 PCIe M.2 2280 AP240GAS2280P2PRO-1,M.2 2280,M.2 PCIe,TLC,240 GB,880 MB/s,1580 MB/s,0 TB,Igen,Nem,20190,80 x 22 x 2.25 mm,
CORSAIR 1TB MP400 M.2 PCIe M.2 2280 CSSD-F1000GBMP400,M.2 2280,M.2 PCIe,QLC,1000 GB,1880 MB/s,3480 MB/s,200 TB,Nem,Nem,49091,80 x 23 x 15 mm,
CRUCIAL 1TB P5 M.2 PCIe M.2 2280 CT1000P5SSD8,M.2 2280,M.2 PCIe,TLC,1000 GB,3000 MB/s,3400 MB/s,600 TB,Nem,Nem,52589,,
"GOODRAM 480GB CL100 Gen.3 SATA 3 2.5"" SSDPR-CL100-480-G3","2.5""",SATA 3,TLC,480 GB,460 MB/s,540 MB/s,0 TB,Nem,Nem,20890,,
INTENSO 512GB Top M.2 SATA M.2 2280 3832450,M.2 2280,M.2 SATA,MLC,512 GB,490 MB/s,520 MB/s,0 TB,Nem,Nem,18090,,
KINGMAX 128GB SA 3080 M.2 SATA M.2 2280 KM128SA3080,M.2 2280,M.2 SATA,TLC,128 GB,350 MB/s,500 MB/s,0 TB,Nem,Nem,8490,,
KINGSTON 1TB KC2500 M.2 PCIe M.2 2280 SKC2500M8/1000G,M.2 2280,M.2 PCIe,TLC,1000 GB,2900 MB/s,3500 MB/s,600 TB,Nem,Nem,46791,80 x 22 x 3.5 mm,
KINGSTON 1TB NV1 M.2 PCIe M.2 2280 SNVS/1000G,M.2 2280,M.2 PCIe,TLC,1000 GB,1700 MB/s,2100 MB/s,240 TB,Nem,Nem,36690,80 x 22 x 2.1 mm,Nem
"PATRIOT 480GB Burst SATA 3 2.5"" PBU480GS25SSDR","2.5""",SATA 3,TLC,480 GB,455 MB/s,560 MB/s,0 TB,Nem,Nem,23590,,
PATRIOT 512GB P300 M.2 PCIe M.2 2280 P300P512GM28,M.2 2280,M.2 PCIe,TLC,512 GB,1200 MB/s,1700 MB/s,160 TB,Nem,Nem,21890,80 x 22 x 4 mm,
SAMSUNG 250GB 980 M.2 PCIe M.2 2280 MZ-V8V250BW,M.2 2280,M.2 PCIe,TLC,250 GB,1300 MB/s,2900 MB/s,150 TB,Nem,Nem,19290,80.15 x 22.15 x 2.38 mm,
SAMSUNG 2TB 860 EVO M.2 SATA 2280 MZ-N6E2T0BW,M.2 2280,M.2 SATA,MLC,2000 GB,520 MB/s,550 MB/s,1200 TB,Nem,Nem,106790,80.15 x 22.15 x 2.38 mm,
"SAMSUNG 4TB 870 QVO SATA 3 2.5"" MZ-77Q4T0BW","2.5""",SATA 3,QLC,4000 GB,520 MB/s,550 MB/s,1440 TB,Nem,Nem,141190,100 x 69.85 x 6.8 mm,
SAMSUNG 500GB 980 M.2 PCIe M.2 2280 MZ-V8V500BW (Basic garancia),M.2 2280,M.2 PCIe,TLC,500 GB,2600 MB/s,3100 MB/s,300 TB,Nem,Nem,26590,80.15 x 22.15 x 2.38 mm,
"SAMSUNG 8TB 870 QVO SATA 3 2.5"" MZ-77Q8T0BW","2.5""",SATA 3,QLC,8000 GB,520 MB/s,550 MB/s,2880 TB,Nem,Nem,285190,100 x 69.85 x 6.8 mm,
SILICON POWER 256GB A55 M.2 SATA M.2 2280 SP256GBSS3A55M28,M.2 2280,M.2 SATA,TLC,256 GB,530 MB/s,560 MB/s,125 TB,Nem,Nem,12690,22.0 x 80.0 x 3.5 mm,
"SILICON POWER 512GB Ace A55 SATA 3 2.5"" SP512GBSS3A55S25","2.5""",SATA 3,TLC,512 GB,450 MB/s,500 MB/s,0 TB,Nem,Nem,20390,,
TRANSCEND 960GB JetDrive 850 for Mac M.2 PCIe M.2 2280 TS960GJDM850,M.2 2280,M.2 PCIe,TLC,960 GB,1300 MB/s,1600 MB/s,0 TB,Nem,Nem,90890,,
WD 2TB Blue SN550 NVMe M.2 PCIe M.2 2280 WDS200T2B0C,M.2 2280,M.2 PCIe,TLC,2000 GB,1800 MB/s,2600 MB/s,1200 TB,Nem,Nem,95490,80 x 22 x 2.38 mm,
WD 500GB Red SA500 NAS M.2 SATA M.2 2280 WDS500G1R0B,M.2 2280,M.2 SATA,TLC,500 GB,530 MB/s,560 MB/s,350 TB,Nem,Nem,23691,100 x 69.85 x 7 mm,
ADATA 128GB SX6000 Lite M.2 PCIe M.2 2280 ASX6000LNP-128GT-C,M.2 2280,M.2 PCIe,TLC,128 GB,600 MB/s,1800 MB/s,60 TB,Nem,Nem,11290,22 x 80 x 2.15 mm,
"ADATA 1TB Ultimate SU800 SATA 3 2.5"" ASU800SS-1TT-C","2.5""",SATA 3,TLC,1000 GB,520 MB/s,550 MB/s,800 TB,Nem,Nem,45090,,
"APACER 1TB AS350 Panther SATA 3 2.5"" 95.DB2G0.P100C","2.5""",SATA 3,TLC,1000 GB,298 MB/s,310 MB/s,0 TB,Nem,Nem,38590,100 x 69.9 x 7 mm,
GIGABYTE 1TB AORUS RGB AIC NVMe PCI Express HHHL/PCI Express GP-ASACNE2100TTTDR,HHHL/PCI Express,PCI Express,TLC,1000 GB,3080 MB/s,3480 MB/s,1600 TB,Igen,Nem,98990,,
GIGABYTE 512GB AORUS RGB AIC NVMe PCI Express HHHL/PCI Express GP-ASACNE2512GTTDR,HHHL/PCI Express,PCI Express,TLC,512 GB,2100 MB/s,3480 MB/s,800 TB,Igen,Nem,60090,,
INTEGRALMEMORY 128GB MO-300 2020 mSATA INSSD128GMSA,mSATA,mSATA,TLC,128 GB,400 MB/s,480 MB/s,50 TB,Nem,Nem,9489,50.8 x 29.85 x 3.45 mm,
KINGSTON 240GB UV500 M.2 SATA M.2 2280 SUV500M8/240G,M.2 2280,M.2 SATA,TLC,240 GB,500 MB/s,520 MB/s,100 TB,Nem,Nem,14990,100.1 x 69.85 x 7 mm,
KINGSTON 480GB UV500 M.2 SATA M.2 2280 SUV500M8/480G,M.2 2280,M.2 SATA,TLC,480 GB,500 MB/s,520 MB/s,200 TB,Nem,Nem,27890,100.1 x 69.85 x 7 mm,
KIOXIA 250GB Exceria M.2 PCIe M.2 2280 LRC10Z250GG8,M.2 2280,M.2 PCIe,TLC,250 GB,1200 MB/s,1700 MB/s,100 TB,Nem,Nem,19190,80.15 x 22.15 x 2.23 mm,
KIOXIA 500GB Exceria M.2 PCIe M.2 2280 LRC10Z500GG8,M.2 2280,M.2 PCIe,TLC,500 GB,1600 MB/s,1700 MB/s,200 TB,Nem,Nem,20991,80.15 x 22.15 x 2.23 mm,
PNY 500GB CS3030 M.2 PCIe M.2 2280 M280CS3030-500-RB,M.2 2280,M.2 PCIe,TLC,500 GB,2000 MB/s,3500 MB/s,800 TB,Nem,Nem,25591,22 x 80 x 2 mm,
"SANDISK 1TB Plus SATA 3 2.5"" SDSSDA-1T00-G26","2.5""",SATA 3,MLC,1000 GB,450 MB/s,535 MB/s,0 TB,Nem,Nem,38590,,
SEAGATE 480GB IronWolf 510 M.2 PCIe M.2 2280 ZP480NM30001,M.2 2280,M.2 PCIe,TLC,480 GB,600 MB/s,2650 MB/s,875 TB,Nem,Nem,45390,,
"TEAM GROUP 500GB DELTA TUF Gaming Alliance RGB SATA 3 2.5"" T253TT500G3C313","2.5""",SATA 3,TLC,500 GB,510 MB/s,560 MB/s,120 TB,Igen,Nem,30890,100 x 69.85 x 9.5 mm,
TOSHIBA 128GB BG4 M.2 PCIe M.2 2230 KBG40ZNS128G,M.2 2230,M.2 PCIe,TLC,128 GB,800 MB/s,2000 MB/s,0 TB,Nem,Nem,16890,2.23 x 22 x 30 mm,
TRANSCEND 1TB 110s M.2 PCIe M.2 2280 TS1TMTE110S,M.2 2280,M.2 PCIe,TLC,1000 GB,1700 MB/s,1500 MB/s,400 TB,Nem,Nem,43090,80 x 22 x 3.58 mm,
WD 2TB Black SN750 M.2 PCIe M.2 2280 WDS200T3X0C,M.2 2280,M.2 PCIe,TLC,2000 GB,2900 MB/s,3400 MB/s,600 TB,Nem,Nem,128490,80 x 24.2 x 8.1 mm,
WD 2TB Blue M.2 SATA M.2 2280 WDS200T2B0B,M.2 2280,M.2 SATA,TLC,2000 GB,530 MB/s,560 MB/s,400 TB,Nem,Nem,76391,,
"WD 2TB Green SATA 3 2.5"" WDS200T2G0A","2.5""",SATA 3,TLC,2000 GB,465 MB/s,540 MB/s,0 TB,Nem,Nem,68790,,
ADATA 256GB SX6000 Pro M.2 PCIe M.2 2280 ASX6000PNP-256GT-C,M.2 2280,M.2 PCIe,TLC,256 GB,1200 MB/s,2100 MB/s,150 TB,Nem,Nem,17090,22 x 80 x 2.15 mm,
ADATA 2TB XPG GAMMIX S50 M.2 PCIe M.2 2280 AGAMMIXS50-2TT-C,M.2 2280,M.2 PCIe,TLC,2000 GB,4400 MB/s,5000 MB/s,3600 TB,Nem,Igen,168290,22 x 80 x 6.1 mm,Igen
CORSAIR 1.9TB Force MP510 M.2 PCIe M.2 2280 CSSD-F1920GBMP510,M.2 2280,M.2 PCIe,TLC,1920 GB,2700 MB/s,3480 MB/s,3120 TB,Nem,Nem,112490,80 x 22 x 3 mm,
CORSAIR 500GB MP600 M.2 PCIe M.2 2280 CSSD-F500GBMP600,M.2 2280,M.2 PCIe,TLC,500 GB,2500 MB/s,4950 MB/s,900 TB,Nem,Igen,41590,80 x 23 x 15 mm,Igen
CRUCIAL 1TB MX500 M.2 SATA M.2 2280 CT1000MX500SSD4,M.2 2280,M.2 SATA,TLC,1000 GB,510 MB/s,560 MB/s,360 TB,Nem,Nem,51890,,
"EMTEC 120GB X150 SATA 3 2.5"" ECSSD120GX150","2.5""",SATA 3,TLC,120 GB,500 MB/s,520 MB/s,0 TB,Nem,Nem,9690,100 x 69.85 x 7 mm,
GIGABYTE 1TB AORUS Gen4 M.2 PCIe M.2 2280 GP-AG41TB,M.2 2280,M.2 PCIe,TLC,1000 GB,4400 MB/s,5000 MB/s,1800 TB,Nem,Nem,73890,8‎0.5 x 11.4 x 23.5 mm,Igen
GIGABYTE 256GB Internal M.2 PCIe M.2 2280 GP-GSM2NE8256GNTD,M.2 2280,M.2 PCIe,TLC,256 GB,800 MB/s,1200 MB/s,200 TB,Nem,Nem,16391,80 x 22 x 2.3 mm,
"GOODRAM 240GB CL100 Gen.3 SATA 3 2.5"" SSDPR-CL100-240-G3","2.5""",SATA 3,TLC,240 GB,400 MB/s,520 MB/s,0 TB,Nem,Nem,12590,,
KINGMAX 256GB PX3480 M.2 PCIe M.2 2280 KMPX3480-256G,M.2 2280,M.2 PCIe,TLC,256 GB,1000 MB/s,3000 MB/s,0 TB,Nem,Nem,15490,80 x 22 mm,
"KINGSTON 1.92TB A400 SATA 3 2.5"" SA400S37/1920G","2.5""",SATA 3,TLC,1920 GB,450 MB/s,500 MB/s,600 TB,Nem,Nem,71791,100 x 69.9 x 7 mm,
KINGSTON 500GB NV1 M.2 PCIe M.2 2280 SNVS/500G,M.2 2280,M.2 PCIe,TLC,500 GB,1700 MB/s,2100 MB/s,120 TB,Nem,Nem,20090,80 x 22 x 2.1 mm,Nem
"KIOXIA 480GB Exceria SATA 3 2.5"" LTC10Z480GG8","2.5""",SATA 3,TLC,480 GB,540 MB/s,550 MB/s,120 TB,Nem,Nem,19089,100.45 x 70.10 x 7.20 mm,
"KIOXIA 960GB Exceria SATA 3 2.5"" LTC10Z960GG8","2.5""",SATA 3,TLC,960 GB,540 MB/s,550 MB/s,240 TB,Nem,Nem,35390,100.45 x 70.10 x 7.20 mm,
PATRIOT 128GB P300 M.2 PCIe M.2 2280 P300P128GM28,M.2 2280,M.2 PCIe,TLC,128 GB,600 MB/s,1600 MB/s,40 TB,Nem,Nem,9889,80 x 22 x 4 mm,
SAMSUNG 1TB 980 M.2 PCIe M.2 2280 MZ-V8V1T0BW (Basic garancia),M.2 2280,M.2 PCIe,TLC,1000 GB,3000 MB/s,3500 MB/s,600 TB,Nem,Nem,49889,80.15 x 22.15 x 2.38 mm,
"SAMSUNG 2TB 860 PRO SATA 3 2.5"" MZ-76P2T0B/EU","2.5""",SATA 3,MLC,2000 GB,530 MB/s,560 MB/s,2400 TB,Nem,Nem,153690,100 X 69.85 X 6.8 mm,
"SAMSUNG 8TB 870 QVO SATA 3 2.5"" MZ-77Q8T0BW (Basic garancia)","2.5""",SATA 3,QLC,8000 GB,520 MB/s,550 MB/s,2880 TB,Nem,Nem,297190,100 x 69.85 x 6.8 mm,
"SANDISK 120GB Plus SATA 3 2.5"" SDSSDA-120G-G27","2.5""",SATA 3,TLC,120 GB,310 MB/s,530 MB/s,0 TB,Nem,Nem,11789,,
"SEAGATE 960GB IronWolf Pro 125 SATA 3 2.5"" ZA960NX10001","2.5""",SATA 3,TLC,960 GB,520 MB/s,545 MB/s,1750 TB,Nem,Nem,79390,100.35 x 70.1 x 7.1 mm,
SILICON POWER 1TB A60 M.2 PCIe M.2 2280 SP001TBP34A60M28,M.2 2280,M.2 PCIe,TLC,1000 GB,1600 MB/s,2200 MB/s,600 TB,Nem,Nem,38090,22.0 x 80.0 x 3.5 mm,
"SILICON POWER 480GB S55 SATA 3 2.5"" SP480GBSS3S55S25","2.5""",SATA 3,TLC,480 GB,480 MB/s,540 MB/s,250 TB,Nem,Nem,19990,,
SILICON POWER 512GB A60 M.2 2280 SP512GBP34A60M28,M.2 2280,M.2 PCIe,TLC,512 GB,1600 MB/s,2200 MB/s,300 TB,Nem,Nem,22990,22.0 x 80.0 x 3.5 mm,
"TEAM GROUP 960GB GX1 SATA 3 2.5"" T253X1960G0C101","2.5""",SATA 3,TLC,960 GB,480 MB/s,530 MB/s,240 TB,Nem,Nem,33590,100 x 70 x 7 mm,
"TOSHIBA 240GB TR200 SATA 3 2.5"" TR200 25SAT3-240G","2.5""",SATA 3,TLC,240 GB,540 MB/s,555 MB/s,60 TB,Nem,Nem,13691,,
TRANSCEND 128GB 230S mSATA TS128GMSA230S,mSATA,mSATA,TLC,128 GB,400 MB/s,550 MB/s,80 TB,Nem,Nem,10991,50.8 x 29.85 x 4.85 mm,
"TRANSCEND 128GB Internal PATA/IDE 2.5"" TS128GPSD330","2.5""",PATA/IDE,MLC,128 GB,67 MB/s,119 MB/s,0 TB,Nem,Nem,54091,,
TRANSCEND 240GB MTS820 M.2 SATA M.2 2280 TS240GMTS820S,M.2 2280,M.2 SATA,MLC,240 GB,510 MB/s,560 MB/s,0 TB,Nem,Nem,12189,,
TRANSCEND 256GB 830S M.2 SATA M.2 2280 TS256GMTS830S,M.2 2280,M.2 SATA,TLC,256 GB,500 MB/s,560 MB/s,140 TB,Nem,Nem,14690,80 x 22 x 3.58 mm,
TRANSCEND 64GB 370S mSATA TS64GMSA370S,mSATA,mSATA,TLC,64 GB,200 MB/s,530 MB/s,360 TB,Nem,Nem,12189,50.8 x 29.85 x 4.85 mm,
"VERBATIM 512GB Vi550 S3 SATA 3 2.5"" 49352","2.5""",SATA 3,TLC,512 GB,540 MB/s,560 MB/s,360 TB,Nem,Nem,23990,,
WD 1TB Red SA500 NAS M.2 SATA M.2 2280 WDS100T1R0B,M.2 2280,M.2 SATA,TLC,1000 GB,530 MB/s,560 MB/s,600 TB,Nem,Nem,40590,100 x 69.85 x 7 mm,
WD 2TB Black SN850 M.2 PCIe M.2 2280 WDS200T1X0E-00AFY0,M.2 2280,M.2 PCIe,TLC,2000 GB,5100 MB/s,7000 MB/s,1200 TB,Nem,Nem,200590,80 x 22 x 2.38 mm,Igen
"WD 2TB Red SA500 NAS SATA 3 2.5"" WDS200T1R0A","2.5""",SATA 3,TLC,2000 GB,530 MB/s,560 MB/s,1300 TB,Nem,Nem,109891,100 x 69.85 x 7 mm,
"ADATA 1.92TB Ultimate SU650 SATA 3 2.5"" ASU630SS-1T92Q-R","2.5""",SATA 3,QLC,1920 GB,450 MB/s,520 MB/s,400 TB,Nem,Nem,72690,100.45 x 69.85 x 7 mm,
"ADATA 1TB Ultimate SU750 SATA 3 2.5"" ASU750SS-1TT-C","2.5""",SATA 3,TLC,1000 GB,520 MB/s,550 MB/s,0 TB,Nem,Nem,42390,100.45 x 69.85 x 7 mm,
ADATA 2TB Gammix S50 Lite M.2 PCIe M.2 2280 AGAMMIXS50L-2T-C,M.2 2280,M.2 PCIe,TLC,2000 GB,3200 MB/s,3900 MB/s,1480 TB,Nem,Igen,102591,80 x 22 x 4.3 mm,
"ADATA 2TB Ultimate SU800 SATA 3 2.5"" ASU800SS-2TT-C","2.5""",SATA 3,TLC,2000 GB,500 MB/s,550 MB/s,1600 TB,Nem,Nem,88790,,
ADATA 2TB XPG Gammix S11 Pro M.2 PCIe M.2 2280 AGAMMIXS11P-2TT-C,M.2 2280,M.2 PCIe,TLC,2000 GB,3000 MB/s,3500 MB/s,1280 TB,Nem,Igen,96690,,
ADATA 2TB XPG GAMMIX S70 M.2 PCIe M.2 2280 AGAMMIXS70-2T-C,M.2 2280,M.2 PCIe,TLC,2000 GB,6400 MB/s,7400 MB/s,1480 TB,Nem,Igen,169090,80 x 25.2 x 15 mm,Igen
APACER 1TB AS2280P4 M.2 PCIe M.2 2280 AP1TBAS2280P4-1,M.2 2280,M.2 PCIe,TLC,1000 GB,2000 MB/s,3000 MB/s,800 TB,Nem,Nem,43190,80 x 22 x 2.38 mm,
APACER 240GB AST280 M.2 SATA M.2 2280 AP240GAST280-1,M.2 2280,M.2 SATA,TLC,240 GB,495 MB/s,520 MB/s,0 TB,Nem,Nem,14190,,
"APACER 256GB AS350 Panther SATA 3 2.5"" 95.DB2A0.P100C","2.5""",SATA 3,TLC,256 GB,298 MB/s,310 MB/s,0 TB,Nem,Nem,14190,100 x 69.9 x 7 mm,
CORSAIR 1TB MP600 Pro M.2 PCIe M.2 2280 CSSD-F1000GBMP600PRO,M.2 2280,M.2 PCIe,TLC,1000 GB,5500 MB/s,7000 MB/s,700 TB,Nem,Igen,87191,80 x 23 x 15 mm,Igen
CORSAIR 480GB MP510 M.2 PCIe M.2 2280 CSSD-F480GBMP510B,M.2 2280,M.2 PCIe,TLC,480 GB,2000 MB/s,3840 MB/s,360 TB,Nem,Nem,29990,,
"CRUCIAL 960GB BX500 SATA 3 2.5"" CT960BX500SSD1","2.5""",SATA 3,TLC,960 GB,500 MB/s,540 MB/s,0 TB,Nem,Nem,36190,,
GOODRAM 256GB IRDM M.2 PCIe M.2 2280 IR-SSDPR-P34B-256-80,M.2 2280,M.2 PCIe,TLC,256 GB,1000 MB/s,3000 MB/s,150 TB,Nem,Nem,15991,22 x 80 mm,
HP 120GB EX900 M.2 PCIe M.2 2280 2YY42AA,M.2 2280,M.2 PCIe,TLC,120 GB,1300 MB/s,2100 MB/s,0 TB,Nem,Nem,11890,,
HP 250GB EX900 M.2 PCIe M.2 2280 2YY43AA,M.2 2280,M.2 PCIe,TLC,250 GB,1300 MB/s,2100 MB/s,0 TB,Nem,Nem,16490,,
"HP 500GB S700 SATA 3 2.5"" 2DP99AA","2.5""",SATA 3,TLC,500 GB,515 MB/s,555 MB/s,295 TB,Nem,Nem,24489,,
"INTEGRALMEMORY 240GB P5 SATA 3 2.5"" INSSD240GS625P5","2.5""",SATA 3,TLC,240 GB,540 MB/s,560 MB/s,262 TB,Nem,Nem,13190,,
INTEGRALMEMORY 512GB MO-300 2020 mSATA INSSD512GMSA,mSATA,mSATA,TLC,512 GB,450 MB/s,520 MB/s,0 TB,Nem,Nem,25490,50.8 x 29.85 x 3.45 mm,
INTEL 1TB 760p Series M.2 PCIe M.2 2280 SSDPEKKW010T8X1,M.2 2280,M.2 PCIe,TLC,1000 GB,1625 MB/s,3230 MB/s,576 TB,Nem,Nem,66190,,
"INTENSO 960GB High SATA 3 2.5"" 3813460","2.5""",SATA 3,MLC,960 GB,500 MB/s,520 MB/s,0 TB,Nem,Nem,32290,,
"KINGSTON 256GB KC600 SATA 3 2.5"" SKC600B/256G","2.5""",SATA 3,TLC,256 GB,500 MB/s,550 MB/s,150 TB,Nem,Nem,22189,100.1 x 69.85 x 7 mm,
KINGSTON 2TB KC2000 NVMe M.2 PCIe M.2 2280 SKC2000M8/2000G,M.2 2280,M.2 PCIe,TLC,2000 GB,2200 MB/s,3200 MB/s,1200 TB,Nem,Nem,114690,80 x 3.5 x 22 mm,
KINGSTON 2TB KC2500 M.2 PCIe M.2 2280 SKC2500M8/2000G,M.2 2280,M.2 PCIe,TLC,2000 GB,2900 MB/s,3500 MB/s,1200 TB,Nem,Nem,98990,80 x 22 x 3.5 mm,
KINGSTON 480GB A400 M.2 SATA M.2 2280 SA400M8/480G,M.2 2280,M.2 SATA,TLC,480 GB,450 MB/s,500 MB/s,160 TB,Nem,Nem,21290,80 x 22 x 1.35 mm,
KIOXIA 1TB Exceria M.2 PCIe M.2 2280 LRC10Z001TG8,M.2 2280,M.2 PCIe,TLC,1000 GB,1600 MB/s,1700 MB/s,400 TB,Nem,Nem,37189,80.15 x 22.15 x 2.23 mm,
OWC 1TB Aura Pro X2 M.2 PCIe 2280 OWCS3DAPT4MB10,M.2 2280,M.2 PCIe,TLC,1000 GB,2400 MB/s,3200 MB/s,0 TB,Nem,Nem,88389,22 x 89 x 2.6 mm,
OWC 480GB Aura Pro X2 M.2 PCIe 2280 OWCS3DAPT4MB05,M.2 2280,M.2 PCIe,TLC,480 GB,2400 MB/s,3200 MB/s,0 TB,Nem,Nem,50289,22 x 89 x 2.6 mm,
"PATRIOT 128GB P210 SATA 3 2.5"" P210S128G25","2.5""",SATA 3,TLC,128 GB,430 MB/s,450 MB/s,0 TB,Nem,Nem,8790,100 x 69.6 x 7 mm,
"PHILIPS 120 Ultra Speed SATA 3 2.5"" PH511095","2.5""",SATA 3,TLC,120 GB,480 MB/s,550 MB/s,0 TB,Nem,Nem,10090,,
PNY 1TB CS3030 M.2 PCIe M.2 2280 M280CS3030-1TB-RB,M.2 2280,M.2 PCIe,TLC,1000 GB,3000 MB/s,3500 MB/s,1665 TB,Nem,Nem,48590,22 x 80 x 2 mm,
PNY 250GB CS3030 M.2 PCIe M.2 2280 M280CS3030-250-RB,M.2 2280,M.2 PCIe,TLC,250 GB,1050 MB/s,3500 MB/s,380 TB,Nem,Nem,16990,22 x 80 x 2 mm,
SAMSUNG 2TB 980 PRO M.2 PCIe M.2 2280 MZ-V8P2T0BW (Basic garancia),M.2 2280,M.2 PCIe,TLC,2000 GB,5000 MB/s,7000 MB/s,1200 TB,Nem,Nem,169790,80.15 x 22.15 x 2.38 mm,Igen
"SEAGATE 3.84TB IronWolf Pro 125 SATA 3 2.5"" ZA3840NX10001","2.5""",SATA 3,TLC,3840 GB,520 MB/s,545 MB/s,7000 TB,Nem,Nem,279090,100.35 x 70.1 x 7.1 mm,
"SEAGATE 500GB FireCuda 120 SATA 3 2.5"" ZA500GM1A001","2.5""",SATA 3,TLC,500 GB,540 MB/s,560 MB/s,700 TB,Nem,Nem,35390,100.35 x 70.1 x 7.1 mm,
SEAGATE 500GB FireCuda 520 M.2 PCIe M.2 2280 ZP500GM3A002,M.2 2280,M.2 PCIe,TLC,500 GB,4400 MB/s,5000 MB/s,900 TB,Nem,Nem,40390,,Igen
"SEAGATE 960GB Maxtor Z1 SATA 3 2.5"" YA960VC1A001","2.5""",SATA 3,TLC,960 GB,475 MB/s,540 MB/s,360 TB,Nem,Nem,35790,100 x 7 x 69.85 mm,
"SILICON POWER 120GB Slim S55 SATA 3 2.5"" Upgrade Kit SP120GBSS3S55S27","2.5""",SATA 3,TLC,120 GB,350 MB/s,500 MB/s,65 TB,Nem,Nem,12490,,
"SILICON POWER 240GB Slim S56 SATA 3 2.5"" SP240GBSS3S56B25","2.5""",SATA 3,TLC,240 GB,430 MB/s,460 MB/s,125 TB,Nem,Nem,13691,,
TEAM GROUP 1TB Cardea IOPS M.2 PCIe M.2 2280 TM8FPI001T0C322,M.2 2280,M.2 PCIe,TLC,1000 GB,3000 MB/s,3400 MB/s,1665 TB,Nem,Igen,53390,80 x 23.4 x 12.9 mm,
"TEAM GROUP 500GB Delta Max SATA 3 2.5"" T253TM500G3C302","2.5""",SATA 3,TLC,500 GB,510 MB/s,560 MB/s,120 TB,Igen,Nem,33890,100 x 69.85 x 9.5 mm,
"TEAM GROUP 512GB CX2 SATA 3 2.5"" T253X6512G0C101","2.5""",SATA 3,TLC,512 GB,470 MB/s,530 MB/s,120 TB,Nem,Nem,20490,100 x 69.9 x 7 mm,
"TEAM GROUP 512GB Vulcan G SATA 3 2.5"" T253TG512G3C301","2.5""",SATA 3,TLC,512 GB,500 MB/s,550 MB/s,120 TB,Igen,Nem,20190,100 x 69.9 x 7 mm,
"TRANSCEND 256GB SSD230 SATA 3 2.5"" TS256GSSD230S","2.5""",SATA 3,TLC,256 GB,500 MB/s,560 MB/s,140 TB,Nem,Nem,17290,,
"TRANSCEND 2TB SSD220Q SATA 3 2.5"" TS2TSSD220Q","2.5""",SATA 3,QLC,2000 GB,500 MB/s,550 MB/s,400 TB,Nem,Nem,76690,100 x 69.85 x 6.8 mm,
TRANSCEND 480GB JetDrive 820 M.2 PCIe M.2 2280 TS480GJDM820,M.2 2280,M.2 PCIe,TLC,480 GB,950 MB/s,950 MB/s,0 TB,Nem,Nem,73690,,
"TRANSCEND 512GB SSD230 SATA 3 2.5"" TS512GSSD230S","2.5""",SATA 3,TLC,512 GB,510 MB/s,560 MB/s,280 TB,Nem,Nem,30790,,
UMAX 256GB Internal M.2 SATA M.2 2242 UMM250002,M.2 2242,M.2 SATA,TLC,256 GB,450 MB/s,500 MB/s,0 TB,Nem,Nem,16990,,
ADATA 120GB SU650 M.2 SATA M.2 2280 ASU650NS38-120GT-C,M.2 2280,M.2 SATA,TLC,120 GB,510 MB/s,550 MB/s,70 TB,Nem,Nem,10690,80 x 22 x 3.5 mm,
ADATA 1TB XPG GAMMIX S5 M.2 PCIe M.2 2280 AGAMMIXS5-1TT-C,M.2 2280,M.2 PCIe,TLC,1000 GB,1500 MB/s,2100 MB/s,600 TB,Nem,Igen,47390,22 x 80 x 3.7 mm,
ADATA 1TB XPG GAMMIX S70 M.2 PCIe M.2 2280 AGAMMIXS70-1T-C,M.2 2280,M.2 PCIe,TLC,1000 GB,5500 MB/s,7400 MB/s,740 TB,Nem,Igen,78990,80 x 25.2 x 15 mm,Igen
ADATA 256GB SX6000 Lite M.2 PCIe M.2 2280 ASX6000LNP-256GT-C,M.2 2280,M.2 PCIe,TLC,256 GB,900 MB/s,1800 MB/s,120 TB,Nem,Nem,16290,22 x 80 x 2.15 mm,
ADATA 256GB Ultimate SU800 M.2 SATA M.2 2280 ASU800NS38-256GT-C,M.2 2280,M.2 SATA,TLC,256 GB,520 MB/s,560 MB/s,0 TB,Nem,Nem,16990,,
ADATA 2TB XPG GAMMIX S5 M.2 PCIe M.2 2280 AGAMMIXS5-2TT-C,M.2 2280,M.2 PCIe,TLC,2000 GB,1500 MB/s,2100 MB/s,1200 TB,Nem,Igen,84891,22 x 80 x 3.7 mm,
ADATA 2TB XPG SPECTRIX S40G RGB M.2 PCIe M.2 2280 AS40G-2TT-C,M.2 2280,M.2 PCIe,TLC,2000 GB,3000 MB/s,3500 MB/s,1280 TB,Igen,Nem,91890,22 x 80 x 8 mm,
"ADATA 480GB Ultimate SU650 SATA 3 2.5"" ASU650SS-480GT","2.5""",SATA 3,TLC,480 GB,450 MB/s,520 MB/s,280 TB,Nem,Nem,20290,,
ADATA 512GB Ultimate SU800 M.2 SATA M.2 2280 ASU800NS38-512GT-C,M.2 2280,M.2 SATA,TLC,512 GB,520 MB/s,560 MB/s,400 TB,Nem,Nem,25390,,
APACER 2TB AS2280Q4 M.2 PCIe M.2 2280 AP2TBAS2280Q4-1,M.2 2280,M.2 PCIe,TLC,2000 GB,4400 MB/s,5000 MB/s,0 TB,Nem,Igen,148090,80 x 22 x 1.35 mm,
APACER 480GB AS2280P4 M.2 PCIe M.2 2280 AP480GAS2280P4-1,M.2 2280,M.2 PCIe,TLC,480 GB,2100 MB/s,1500 MB/s,400 TB,Nem,Nem,22290,80 x 22 x 2.25 mm,
"APACER 480GB AS340 PANTHER SATA 3 2.5"" AP480GAS340G-1","2.5""",SATA 3,TLC,480 GB,450 MB/s,550 MB/s,0 TB,Nem,Nem,19690,,
"APACER 480GB AS350 Panther SATA 3 2.5"" AP480GAS350-1","2.5""",SATA 3,TLC,480 GB,350 MB/s,450 MB/s,0 TB,Nem,Nem,22790,100 x 69.9 x 7 mm,
APACER 500GB AS2280Q4 M.2 PCIe M.2 2280 AP500GAS2280Q4-1,M.2 2280,M.2 PCIe,TLC,500 GB,2500 MB/s,5000 MB/s,0 TB,Nem,Igen,41590,80 x 22 x 1.35 mm,
CORSAIR 4TB Force MP510 M.2 PCIe M.2 2280 CSSD-F4000GBMP510,M.2 2280,M.2 PCIe,TLC,4000 GB,2000 MB/s,3480 MB/s,3120 TB,Nem,Nem,296090,80 x 22 x 3 mm,
CORSAIR 4TB MP400 M.2 PCIe M.2 2280 CSSD-F4000GBMP400,M.2 2280,M.2 PCIe,QLC,4000 GB,3000 MB/s,3480 MB/s,800 TB,Nem,Nem,228791,80 x 23 x 15 mm,
CRUCIAL 2TB P5 M.2 PCIe M.2 2280 CT2000P5SSD8,M.2 2280,M.2 PCIe,TLC,2000 GB,3000 MB/s,3400 MB/s,1200 TB,Nem,Nem,120790,,
EMTEC 256GB X250 M.2 SATA M.2 2280 ECSSD256GX250,M.2 2280,M.2 SATA,TLC,256 GB,500 MB/s,520 MB/s,0 TB,Nem,Nem,16090,80 x 22 x 2 mm,
"GOODRAM 120GB CL100 Gen.3 SATA 3 2.5"" SSDPR-CL100-120-G3","2.5""",SATA 3,TLC,120 GB,360 MB/s,500 MB/s,0 TB,Nem,Nem,8890,,
"HP 120GB S700 SATA 3 2.5"" 2DP97AA","2.5""",SATA 3,TLC,120 GB,480 MB/s,550 MB/s,0 TB,Nem,Nem,11391,,
INTEGRALMEMORY 256GB MO-300 2020 mSATA INSSD256GMSA,mSATA,mSATA,TLC,256 GB,400 MB/s,500 MB/s,0 TB,Nem,Nem,14489,50.8 x 29.85 x 3.45 mm,
INTEL 512GB 545s Series M.2 SATA M.2 2280 SSDSCKKW512G8X1,M.2 2280,M.2 SATA,TLC,512 GB,500 MB/s,550 MB/s,288 TB,Nem,Nem,24190,,
KINGMAX 1TB PQ3480 M.2 PCIe M.2 2280 KMPQ3480-1TB,M.2 2280,M.2 PCIe,TLC,1000 GB,1800 MB/s,1950 MB/s,0 TB,Nem,Nem,40090,22 x 80 mm,
"KINGMAX 480GB SMQ SATA 3 2.5"" KM480GSMQ32","2.5""",SATA 3,QLC,480 GB,480 MB/s,540 MB/s,0 TB,Nem,Nem,20390,100.5 x 69.9 x 7 mm,
"KINGMAX 480GB SMV32 SATA 3 2.5"" KM480GSMV32","2.5""",SATA 3,TLC,480 GB,480 MB/s,500 MB/s,0 TB,Nem,Nem,20290,100 x 69.85 x 7 mm,
KINGSTON 1TB KC600 mSATA SKC600MS/1024G,mSATA,mSATA,TLC,1000 GB,520 MB/s,550 MB/s,600 TB,Nem,Nem,48190,50.8 x2 9.85 x 4.85 mm,Nem
"KINGSTON 1TB KC600 SATA 3 2.5"" SKC600B/1024G","2.5""",SATA 3,TLC,1000 GB,520 MB/s,550 MB/s,600 TB,Nem,Nem,58790,100.1 x 69.85 x 7 mm,
KINGSTON 256GB KC600 mSATA SKC600MS/256G,mSATA,mSATA,TLC,256 GB,500 MB/s,550 MB/s,150 TB,Nem,Nem,15890,50.8 x2 9.85 x 4.85 mm,Nem
"KINGSTON 2TB KC600 SATA 3 2.5"" SKC600/2048G","2.5""",SATA 3,TLC,2000 GB,520 MB/s,550 MB/s,1200 TB,Nem,Nem,102191,100.1 x 69.85 x 7 mm,
KINGSTON 2TB NV1 M.2 PCIe M.2 2280 SNVS/2000G,M.2 2280,M.2 PCIe,TLC,2000 GB,1700 MB/s,2100 MB/s,480 TB,Nem,Nem,74590,80 x 22 x 2.1 mm,Nem
LCPOWER 512GB Phenom Pro M.2 PCIe M.2 2280 LC-M2-NVME-PRO-512GB,M.2 2280,M.2 PCIe,TLC,512 GB,2000 MB/s,3200 MB/s,0 TB,Nem,Nem,30190,80 x 22 x 3.8 mm,
"PATRIOT 1TB P210 SATA 3 2.5"" P210S1TB25","2.5""",SATA 3,TLC,1000 GB,430 MB/s,520 MB/s,0 TB,Nem,Nem,39290,100 x 69.6 x 7 mm,
PATRIOT 1TB VPN100 M.2 PCIe M.2 2280 VPN100-1TBM28H,M.2 2280,M.2 PCIe,TLC,1000 GB,3000 MB/s,3450 MB/s,0 TB,Nem,Igen,52790,22 x 80 x 10.5 mm,
"PATRIOT 2TB P200 SATA 3 2.5"" P200S2TB25","2.5""",SATA 3,TLC,2000 GB,460 MB/s,530 MB/s,1000 TB,Nem,Nem,79990,100 x 69.85 x 7 mm,
PATRIOT 2TB VPN100 M.2 PCIe M.2 2280 VPN100-2TBM28H,M.2 2280,M.2 PCIe,TLC,2000 GB,3100 MB/s,3000 MB/s,0 TB,Nem,Igen,105390,22 x 80 x 10.5 mm,
"PATRIOT 480GB Burst Elite SATA 3 2.5"" PBE480GS25SSDR","2.5""",SATA 3,TLC,480 GB,320 MB/s,450 MB/s,400 TB,Nem,Nem,19190,100 x 69 x 7 mm,
"SAMSUNG 4TB 870 EVO SATA 3 2.5"" MZ-77E4T0B/EU (Basic garancia)","2.5""",SATA 3,TLC,4000 GB,530 MB/s,560 MB/s,2400 TB,Nem,Nem,172490,100 x 69.85 x 7 mm,
SANDISK 1TB Extreme PRO M.2 PCIe M.2 2280 SDSSDXPM2-1T00-G25,M.2 2280,M.2 PCIe,,1000 GB,2800 MB/s,3400 MB/s,600 TB,Nem,Nem,62490,,
SANDISK 2TB Extreme PRO M.2 PCIe M.2 2280 SDSSDXPM2-2T00-G25,M.2 2280,M.2 PCIe,,2000 GB,2800 MB/s,3400 MB/s,1200 TB,Nem,Nem,201891,,
"SANDISK 2TB Ultra 3D SATA 3 2.5"" SDSSDH3-2T00-G25","2.5""",SATA 3,TLC,2000 GB,530 MB/s,560 MB/s,500 TB,Nem,Nem,86791,,
"SANDISK 4TB Ultra 3D SATA 3 2.5"" SDSSDH3-4T00-G25","2.5""",SATA 3,TLC,4000 GB,530 MB/s,560 MB/s,1000 TB,Nem,Nem,250290,,
SANDISK 500GB Extreme PRO M.2 PCIe M.2 2280,M.2 2280,M.2 PCIe,,500 GB,2500 MB/s,3400 MB/s,300 TB,Nem,Nem,32990,,
SEAGATE 1TB FireCuda 520 M.2 PCIe M.2 2280 ZP1000GM3A002,M.2 2280,M.2 PCIe,TLC,1000 GB,4400 MB/s,5000 MB/s,1800 TB,Nem,Nem,75790,,Igen
"SEAGATE 250GB BarraCuda 120 SATA 3 2.5"" ZA250CM10003","2.5""",SATA 3,TLC,250 GB,540 MB/s,560 MB/s,150 TB,Nem,Nem,17690,100.35 x 70.1 x 7.1 mm,
SEAGATE 2TB FireCuda 520 M.2 PCIe M.2 2280 ZP2000GM3A002,M.2 2280,M.2 PCIe,TLC,2000 GB,4400 MB/s,5000 MB/s,3600 TB,Nem,Nem,123890,,Igen
SEAGATE 500GB Barracuda Q5 M.2 PCIe M.2 2280 ZP500CV30001,M.2 2280,M.2 PCIe,QLC,500 GB,900 MB/s,2300 MB/s,119 TB,Nem,Nem,23590,80 x 22 x 2.15 mm,
"SILICON POWER 120GB Slim S60 SATA 3 2.5"" SP120GBSS3S60S25","2.5""",SATA 3,MLC,120 GB,460 MB/s,520 MB/s,0 TB,Nem,Nem,9489,,
SILICON POWER 1TB A55 M.2 SATA M.2 2280 SP001TBSS3A55M28,M.2 2280,M.2 SATA,TLC,1000 GB,530 MB/s,560 MB/s,500 TB,Nem,Nem,39590,22.0 x 80.0 x 3.5 mm,
"SILICON POWER 2TB Ace A55 SATA 3 2.5"" SP002TBSS3A55S25","2.5""",SATA 3,TLC,2000 GB,450 MB/s,500 MB/s,0 TB,Nem,Nem,82989,,
SILICON POWER 2TB UD70 M.2 PCIe M.2 2280 SP02KGBP34UD7005,M.2 2280,M.2 PCIe,QLC,2000 GB,3000 MB/s,3400 MB/s,530 TB,Nem,Nem,83590,22.0 x 80.0 x 3.5 mm,
SILICON POWER 2TB US70 M.2 PCIe M.2 2280 SP02KGBP44US7005,M.2 2280,M.2 PCIe,TLC,2000 GB,4400 MB/s,5000 MB/s,3600 TB,Nem,Nem,125691,80 x 22 x 3.5 mm,
"SILICON POWER 60GB Slim S55 SATA 3 2.5"" SP060GBSS3S55S25","2.5""",SATA 3,MLC,60 GB,510 MB/s,540 MB/s,0 TB,Nem,Nem,8691,,
"SILICON POWER 960GB Slim S55 SATA 3 2.5"" SP960GBSS3S55S25","2.5""",SATA 3,TLC,960 GB,450 MB/s,500 MB/s,500 TB,Nem,Nem,37589,,
"TEAM GROUP 1TB EX2 SATA 3 2.5"" T253E2001T0C101","2.5""",SATA 3,TLC,1000 GB,520 MB/s,550 MB/s,240 TB,Nem,Nem,37090,100 x 69.9 x 7 mm,
TEAM GROUP 1TB MP33 M.2 PCIe M.2 2280 TM8FP6001T0C101,M.2 2280,M.2 PCIe,TLC,1000 GB,1500 MB/s,1800 MB/s,600 TB,Nem,Nem,41690,80 x 22 x 3.8 mm,
TEAM GROUP 1TB MP34 M.2 PCIe M.2 2280 TM8FP4001T0C101,M.2 2280,M.2 PCIe,TLC,1000 GB,2600 MB/s,3000 MB/s,1660 TB,Nem,Nem,48790,80 x 22 x 3.8 mm,
"TEAM GROUP 1TB Vulcan G SATA 3 2.5"" T253TG001T3C301","2.5""",SATA 3,TLC,1000 GB,500 MB/s,550 MB/s,240 TB,Igen,Nem,36190,100 x 69.9 x 7 mm,
"TEAM GROUP 250GB Delta RGB White SSD SATA 3 2.5"" T253TR250G3C413","2.5""",SATA 3,TLC,250 GB,500 MB/s,560 MB/s,0 TB,Igen,Nem,22790,100 x 69.9 x 9.5 mm,
TEAM GROUP 256GB MP34 M.2 PCIe M.2 2280 TM8FP4256G0C101,M.2 2280,M.2 PCIe,TLC,256 GB,850 MB/s,2700 MB/s,380 TB,Nem,Nem,16990,80 x 22 x 3.8 mm,
"TEAM GROUP 500GB Delta RGB White SSD SATA 3 2.5"" T253TR500G3C413","2.5""",SATA 3,TLC,500 GB,500 MB/s,560 MB/s,0 TB,Igen,Nem,29990,100 x 69.9 x 9.5 mm,
TOSHIBA 1TB RD500 M.2 PCIe M.2 2280 THN-RD50Z0013G8(CS,M.2 2280,M.2 PCIe,TLC,1000 GB,3200 MB/s,3400 MB/s,400 TB,Nem,Nem,60689,80 x 1.5 x 22 mm,
"TRANSCEND 120GB SSD220 SATA 3 2.5"" TS120GSSD220S","2.5""",SATA 3,TLC,120 GB,420 MB/s,550 MB/s,0 TB,Nem,Nem,10890,,
WD 1TB Call of Duty Black Ops Cold War Special Edition SN850 M.2 PCIe M.2 2280 WDBB2F0010BNC-WRSN,M.2 2280,M.2 PCIe,TLC,1000 GB,5300 MB/s,7000 MB/s,600 TB,Nem,Nem,93690,80 x 22 x 2.38 mm,Igen
WD 2TB Red SA500 NAS M.2 SATA M.2 2280 WDS200T1R0B,M.2 2280,M.2 SATA,TLC,2000 GB,530 MB/s,560 MB/s,1300 TB,Nem,Nem,91390,100 x 69.85 x 7 mm,
WD 500GB Black SN750 With Heatsink M.2 PCIe M.2 2280 WDS500G3XHC,M.2 2280,M.2 PCIe,TLC,500 GB,2600 MB/s,3470 MB/s,300 TB,Nem,Igen,46190,80 x 24.2 x 8.1 mm,
"ADATA 1.92TB Ultimate SU650 SATA 3 2.5"" ASU650SS-1T92T-R","2.5""",SATA 3,TLC,1920 GB,450 MB/s,520 MB/s,1120 TB,Nem,Nem,73190,,
"ADATA 1TB SU720 SATA 3 2.5"" ASU720SS-1T-C","2.5""",SATA 3,TLC,1000 GB,450 MB/s,520 MB/s,200 TB,Nem,Nem,43691,100.45 x 69.85 x 7 mm,
ADATA 1TB SX6000 Lite M.2 PCIe M.2 2280 ASX6000LNP-1TT-C,M.2 2280,M.2 PCIe,TLC,1000 GB,1200 MB/s,1800 MB/s,480 TB,Nem,Nem,39590,22 x 80 x 2.15 mm,
ADATA 1TB SX6000 Pro M.2 PCIe M.2 2280 ASX6000PNP-1TT-C,M.2 2280,M.2 PCIe,TLC,1000 GB,1500 MB/s,2100 MB/s,600 TB,Nem,Nem,46391,22 x 80 x 2.15 mm,
ADATA 1TB Ultimate SU800 M.2 SATA M.2 2280 ASU800NS38-1TT-C,M.2 2280,M.2 SATA,TLC,1000 GB,520 MB/s,560 MB/s,0 TB,Nem,Nem,47189,,
ADATA 1TB XPG SPECTRIX S20G M.2 PCIe M.2 2280 ASPECTRIXS20G-1T-C,M.2 2280,M.2 PCIe,TLC,1000 GB,1800 MB/s,2500 MB/s,600 TB,Igen,Nem,45490,88 x 22.1 x 7.55 mm,
ADATA 240GB SU650 M.2 SATA M.2 2280 ASU650NS38-240GT-C,M.2 2280,M.2 SATA,TLC,240 GB,510 MB/s,550 MB/s,140 TB,Nem,Nem,14390,80 x 22 x 3.5 mm,
"ADATA 250GB SU720 SATA 3 2.5"" ASU720SS-250G-C","2.5""",SATA 3,TLC,250 GB,450 MB/s,520 MB/s,50 TB,Nem,Nem,13890,100.45 x 69.85 x 7 mm,
"ADATA 256GB Ultimate SU650 SATA 3 2.5"" ASU650SS-256GT-R","2.5""",SATA 3,TLC,256 GB,450 MB/s,520 MB/s,140 TB,Nem,Nem,14290,,
"ADATA 2TB SU720 SATA 3 2.5"" ASU720SS-2T-C","2.5""",SATA 3,TLC,2000 GB,450 MB/s,520 MB/s,400 TB,Nem,Nem,80790,100.45 x 69.85 x 7 mm,
ADATA 2TB Swordfish M.2 PCIe M.2 2280 ASWORDFISH-2T-C,M.2 2280,M.2 PCIe,TLC,2000 GB,1200 MB/s,1800 MB/s,960 TB,Nem,Igen,80790,80 x 22 x 3.85 mm,
ADATA 2TB SX6000 Pro M.2 PCIe M.2 2280 ASX6000PNP-2TT-C,M.2 2280,M.2 PCIe,TLC,2000 GB,1500 MB/s,2100 MB/s,1200 TB,Nem,Nem,84390,22 x 80 x 2.15 mm,
ADATA 480GB SU650 M.2 SATA M.2 2280 ASU650NS38-480GT-C,M.2 2280,M.2 SATA,TLC,480 GB,510 MB/s,550 MB/s,210 TB,Nem,Nem,21990,80 x 22 x 3.5 mm,
ADATA 500GB XPG SPECTRIX S20G M.2 PCIe M.2 2280 ASPECTRIXS20G-500G-C,M.2 2280,M.2 PCIe,TLC,500 GB,1800 MB/s,2500 MB/s,300 TB,Igen,Nem,25591,88 x 22.1 x 7.55 mm,
"ADATA 512GB Ultimate SU650 SATA 3 2.5"" ASU650SS-512GT-R","2.5""",SATA 3,TLC,512 GB,450 MB/s,520 MB/s,280 TB,Nem,Nem,22090,,
"ADATA 960GB Ultimate SU630 SATA 3 2.5"" ASU630SS-960GQ-R","2.5""",SATA 3,QLC,960 GB,450 MB/s,520 MB/s,200 TB,Nem,Nem,38291,100.45 x 69.85 x 7 mm,
"ADATA 960GB Ultimate SU650 SATA 3 2.5"" ASU650SS-960GT","2.5""",SATA 3,TLC,960 GB,450 MB/s,520 MB/s,560 TB,Nem,Nem,38390,,
"APACER 120GB AS340X SATA 3 2.5"" AP120GAS340XC-1","2.5""",SATA 3,TLC,120 GB,500 MB/s,550 MB/s,70 TB,Nem,Nem,10090,100 x 69.85 x 6.9 mm,Nem
"APACER 128GB AS350X SATA 3 2.5"" AP128GAS350XR-1","2.5""",SATA 3,TLC,128 GB,540 MB/s,560 MB/s,75 TB,Nem,Nem,10490,100 x 69.85 x 6.9 mm,Nem
"APACER 128GB AS510S ProII SATA 3 2.5"" AP128GAS510SB-1","2.5""",SATA 3,MLC,128 GB,380 MB/s,525 MB/s,0 TB,Nem,Nem,16190,,
APACER 128GB PP3480 M.2 PCIe M.2 2280 AP128GPP3480,M.2 2280,M.2 PCIe,TLC,128 GB,600 MB/s,2200 MB/s,0 TB,Nem,Nem,12390,,
APACER 128GB PPSS30 mSATA AP128GPPSS30,mSATA,mSATA,TLC,128 GB,465 MB/s,550 MB/s,0 TB,Nem,Nem,12189,50.8 x 29.85 x 4 mm,
APACER 1TB AS2280Q4 M.2 PCIe M.2 2280 AP1TBAS2280Q4-1,M.2 2280,M.2 PCIe,TLC,1000 GB,4400 MB/s,5000 MB/s,0 TB,Nem,Igen,76090,80 x 22 x 1.35 mm,
"APACER 1TB AS350X SATA 3 2.5"" AP1TBAS350XR-1","2.5""",SATA 3,TLC,1000 GB,540 MB/s,560 MB/s,835 TB,Nem,Nem,41990,100 x 69.85 x 6.9 mm,Nem
APACER 1TB PPSS80 NAS M.2 PCIe M.2 2280 AP1TPPSS80-R,M.2 2280,M.2 PCIe,TLC,1000 GB,485 MB/s,540 MB/s,2065 TB,Nem,Nem,64889,80 x 22 x 2.3 mm,
"APACER 240GB AS340 PANTHER SATA 3 2.5"" AP240GAS340G-1 OEM","2.5""",SATA 3,TLC,240 GB,410 MB/s,505 MB/s,0 TB,Nem,Nem,12790,,
"APACER 240GB AS340X SATA 3 2.5"" AP240GAS340XC-1","2.5""",SATA 3,TLC,240 GB,520 MB/s,550 MB/s,140 TB,Nem,Nem,13890,100 x 69.85 x 6.9 mm,Nem
"APACER 256GB AS350X SATA 3 2.5"" AP256GAS350XR-1","2.5""",SATA 3,TLC,256 GB,540 MB/s,560 MB/s,180 TB,Nem,Nem,14290,100 x 69.85 x 6.9 mm,Nem
"APACER 256GB AS510S ProII SATA 3 2.5"" AP256GAS510SB-1","2.5""",SATA 3,MLC,256 GB,410 MB/s,560 MB/s,0 TB,Nem,Nem,23990,,
APACER 2TB PP3480 M.2 PCIe M.2 2280 AP2TPP3480,M.2 2280,M.2 PCIe,TLC,2000 GB,2100 MB/s,2500 MB/s,0 TB,Nem,Nem,100689,,Nem
"APACER 2TB PPSS25 NAS SATA 3 2.5"" AP2TPPSS25-R","2.5""",SATA 3,TLC,2000 GB,500 MB/s,550 MB/s,0 TB,Nem,Nem,99790,,Nem
APACER 480GB AS2280P2 M.2 PCIe M.2 2280 AP480GAS2280P2-1,M.2 2280,M.2 PCIe,TLC,480 GB,950 MB/s,1580 MB/s,0 TB,Nem,Nem,28291,80 x 22 x 2.25 mm,
"APACER 480GB AS340X SATA 3 2.5"" AP480GAS340XC-1","2.5""",SATA 3,TLC,480 GB,520 MB/s,550 MB/s,280 TB,Nem,Nem,23090,100 x 69.85 x 6.9 mm,Nem
APACER 480GB AST280 M.2 SATA M.2 2280 AP480GAST280-1,M.2 2280,M.2 SATA,TLC,480 GB,495 MB/s,520 MB/s,0 TB,Nem,Nem,20690,,
"APACER 512GB AS350X SATA 3 2.5"" AP512GAS350XR-1","2.5""",SATA 3,TLC,512 GB,540 MB/s,560 MB/s,425 TB,Nem,Nem,23490,100 x 69.85 x 6.9 mm,Nem
APACER 512GB PP3480 M.2 PCIe M.2 2280 AP512GPP3480,M.2 2280,M.2 PCIe,TLC,512 GB,2100 MB/s,2500 MB/s,0 TB,Nem,Nem,29390,,
"APACER 512GB PPSS25 NAS SATA 3 2.5"" AP512GPPSS25-R","2.5""",SATA 3,TLC,512 GB,500 MB/s,550 MB/s,0 TB,Nem,Nem,35991,,
APACER 512GB PPSS30 mSATA AP512GPPSS30,mSATA,mSATA,TLC,512 GB,465 MB/s,550 MB/s,0 TB,Nem,Nem,30290,50.8 x 29.85 x 4 mm,
APACER 512GB PPSS80 NAS M.2 PCIe M.2 2280 AP512GPPSS80-R,M.2 2280,M.2 PCIe,TLC,512 GB,490 MB/s,540 MB/s,820 TB,Nem,Nem,33990,80 x 22 x 2.3 mm,
"APACER 64GB AS510S ProII SATA 3 2.5"" AP64GAS510SB-1","2.5""",SATA 3,MLC,64 GB,205 MB/s,440 MB/s,0 TB,Nem,Nem,12390,,
"APACER 960GB AS340 PANTHER SATA 3 2.5"" AP960GAS340G-1","2.5""",SATA 3,TLC,960 GB,450 MB/s,550 MB/s,0 TB,Nem,Nem,36690,,
"APACER 960GB AS340X SATA 3 2.5"" AP960GAS340XC-1","2.5""",SATA 3,TLC,960 GB,510 MB/s,550 MB/s,560 TB,Nem,Nem,39790,100 x 69.85 x 6.9 mm,Nem
"BIOSTAR 120GB S120 SATA 3 2.5"" SA902S2E31","2.5""",SATA 3,TLC,120 GB,440 MB/s,550 MB/s,0 TB,Nem,Nem,8691,,Nem
BIOSTAR 1TB M700 M.2 PCIe M.2 2280 SS263PME3T,M.2 2280,M.2 PCIe,TLC,1000 GB,1650 MB/s,2000 MB/s,0 TB,Nem,Nem,43490,22 x 80 x 3.5 mm,
"BIOSTAR 1TB S120 SATA 3 2.5"" SA902S2E3T","2.5""",SATA 3,TLC,1000 GB,525 MB/s,550 MB/s,0 TB,Nem,Nem,39190,,
"BIOSTAR 240GB S100 SATA 3 2.5"" SM120S2E32","2.5""",SATA 3,TLC,240 GB,410 MB/s,530 MB/s,0 TB,Nem,Nem,12990,,Nem
BIOSTAR 256GB M700 M.2 PCIe M.2 2280 SS263PME32,M.2 2280,M.2 PCIe,TLC,256 GB,950 MB/s,1850 MB/s,0 TB,Nem,Nem,16789,22 x 80 x 3.5 mm,
"BIOSTAR 512GB S120 SATA 3 2.5"" SA902S2E35","2.5""",SATA 3,TLC,512 GB,525 MB/s,550 MB/s,0 TB,Nem,Nem,24290,,
CORSAIR 1TB MP600 Core M.2 PCIe M.2 2280 CSSD-F1000GBMP600COR,M.2 2280,M.2 PCIe,QLC,1000 GB,1950 MB/s,4700 MB/s,225 TB,Nem,Igen,59889,80 x 23 x 15 mm,Igen
CORSAIR 2TB MP400 M.2 PCIe M.2 2280 CSSD-F2000GBMP400,M.2 2280,M.2 PCIe,QLC,2000 GB,3000 MB/s,3480 MB/s,400 TB,Nem,Nem,99590,80 x 23 x 15 mm,
CORSAIR 2TB MP600 Core M.2 PCIe M.2 2280 CSSD-F2000GBMP600COR,M.2 2280,M.2 PCIe,QLC,2000 GB,3700 MB/s,4950 MB/s,450 TB,Nem,Igen,122290,80 x 23 x 15 mm,Igen
CORSAIR 2TB MP600 Pro Hydro X M.2 PCIe M.2 2280 CSSD-F2000GBMP600HXE,M.2 2280,M.2 PCIe,TLC,2000 GB,6550 MB/s,7000 MB/s,1400 TB,Nem,Igen,186790,70 x 23 x 19 mm,Igen
CORSAIR 2TB MP600 Pro M.2 PCIe M.2 2280 CSSD-F2000GBMP600PRO,M.2 2280,M.2 PCIe,TLC,2000 GB,6550 MB/s,7000 MB/s,1400 TB,Nem,Igen,170490,80 x 23 x 15 mm,Igen
CORSAIR 4TB MP600 Core M.2 PCIe M.2 2280 CSSD-F4000GBMP600COR,M.2 2280,M.2 PCIe,QLC,4000 GB,3950 MB/s,4950 MB/s,900 TB,Nem,Igen,251189,80 x 23 x 15 mm,Igen
CORSAIR 8TB MP400 M.2 PCIe M.2 2280 CSSD-F8000GBMP400,M.2 2280,M.2 PCIe,QLC,8000 GB,3000 MB/s,3480 MB/s,1600 TB,Nem,Nem,515790,80 x 23 x 15 mm,
CRUCIAL 2TB P2 M.2 PCIe M.2 2280 CT2000P2SSD8,M.2 2280,M.2 PCIe,TLC,2000 GB,1900 MB/s,2400 MB/s,600 TB,Nem,Nem,81990,,
CRUCIAL 2TB P2 M.2 PCIe M.2 2280 CT2000P2SSD8T OEM,M.2 2280,M.2 PCIe,TLC,2000 GB,1900 MB/s,2400 MB/s,600 TB,Nem,Nem,93990,,
DELL 512GB Internal M.2 SATA M.2 2280 AA615518,M.2 2280,M.2 SATA,TLC,512 GB,0 MB/s,0 MB/s,0 TB,Nem,Nem,81890,,
EMTEC 128GB X300 M.2 PCIe M.2 2280 ECSSD128GX300,M.2 2280,M.2 PCIe,TLC,128 GB,500 MB/s,1500 MB/s,0 TB,Nem,Nem,11490,80 x 22 x 2 mm,
EMTEC 1TB X250 M.2 SATA M.2 2280 ECSSD1TX250,M.2 2280,M.2 SATA,TLC,1000 GB,500 MB/s,520 MB/s,0 TB,Nem,Nem,48290,80 x 22 x 2 mm,
EMTEC 1TB X300 M.2 PCIe M.2 2280 ECSSD1TX300,M.2 2280,M.2 PCIe,TLC,1000 GB,2000 MB/s,2500 MB/s,0 TB,Nem,Nem,50991,80 x 22 x 2 mm,
"EMTEC 240GB X150 SATA 3 2.5"" ECSSD240GX150","2.5""",SATA 3,TLC,240 GB,500 MB/s,520 MB/s,0 TB,Nem,Nem,14489,100 x 69.85 x 7 mm,
"EMTEC 480GB X150 SATA 3 2.5"" ECSSD480GX150","2.5""",SATA 3,TLC,480 GB,500 MB/s,520 MB/s,0 TB,Nem,Nem,22090,100 x 69.85 x 7 mm,
EMTEC 512GB X250 M.2 SATA M.2 2280 ECSSD512GX250,M.2 2280,M.2 SATA,TLC,512 GB,500 MB/s,520 MB/s,0 TB,Nem,Nem,25890,80 x 22 x 2 mm,
EMTEC 512GB X300 M.2 PCIe M.2 2280 ECSSD512GX300,M.2 2280,M.2 PCIe,TLC,512 GB,1500 MB/s,1700 MB/s,0 TB,Nem,Nem,27790,80 x 22 x 2 mm,
"EMTEC 960GB X150 SATA 3 2.5"" ECSSD960GX150","2.5""",SATA 3,TLC,960 GB,500 MB/s,520 MB/s,0 TB,Nem,Nem,38090,100 x 69.85 x 7 mm,
GIGABYTE 2TB AORUS NVMe GEN4 SSD M.2 PCIe M.2 2280,M.2 2280,M.2 PCIe,TLC,2000 GB,4400 MB/s,5000 MB/s,3600 TB,Nem,Igen,132690,80.5 x 11.4 x 23.5 mm,Igen
GOODRAM 1TB IRDM M.2 PCIe M.2 2280 IR-SSDPR-P34B-01T-80,M.2 2280,M.2 PCIe,TLC,1000 GB,2000 MB/s,3200 MB/s,600 TB,Nem,Nem,46190,22 x 80 mm,
GOODRAM 1TB PX500 SATA 3 M.2 2280 SSDPR-PX500-01T-80,M.2 2280,SATA 3,TLC,1000 GB,1650 MB/s,2050 MB/s,0 TB,Nem,Nem,49889,,
"GOODRAM 240GB CX300 SATA 3 2.5"" SSDPR-CX300-240","2.5""",SATA 3,TLC,240 GB,460 MB/s,550 MB/s,0 TB,Nem,Nem,18390,,
GOODRAM 256GB PX500 SATA 3 M.2 2280 SSDPR-PX500-256-80,M.2 2280,SATA 3,TLC,256 GB,950 MB/s,1850 MB/s,0 TB,Nem,Nem,14889,,
GOODRAM 512GB PX500 SATA 3 M.2 2280 SSDPR-PX500-512-80,M.2 2280,SATA 3,TLC,512 GB,1600 MB/s,2000 MB/s,0 TB,Nem,Nem,27790,,
"GOODRAM 960GB CL100 Gen.3 SATA 3 2.5"" SSDPR-CL100-960-G3","2.5""",SATA 3,TLC,960 GB,460 MB/s,540 MB/s,0 TB,Nem,Nem,34489,,
HP 1TB EX900 M.2 PCIe M.2 2280 5XM46AA,M.2 2280,M.2 PCIe,TLC,1000 GB,1500 MB/s,2100 MB/s,0 TB,Nem,Nem,46490,,
HP 1TB EX950 M.2 PCIe M.2 2280 5MS23AA,M.2 2280,M.2 PCIe,TLC,1000 GB,2900 MB/s,3500 MB/s,650 TB,Nem,Nem,54889,,
"HP 1TB S700 SATA 3 2.5"" 6MC15AA","2.5""",SATA 3,TLC,1000 GB,523 MB/s,561 MB/s,0 TB,Nem,Nem,42690,,
HP 2TB EX950 M.2 PCIe M.2 2280 5MS24AA,M.2 2280,M.2 PCIe,TLC,2000 GB,2900 MB/s,3500 MB/s,1400 TB,Nem,Nem,103990,,
HP 500GB EX900 M.2 PCIe M.2 2280 2YY44AA,M.2 2280,M.2 PCIe,TLC,500 GB,1500 MB/s,2100 MB/s,0 TB,Nem,Nem,24590,,
HP 512GB EX950 M.2 PCIe M.2 2280 5MS22AA,M.2 2280,M.2 PCIe,TLC,512 GB,2250 MB/s,3500 MB/s,320 TB,Nem,Nem,30991,,
"INTEGRALMEMORY 120GB C Series SATA 3 2.5"" INSSD120GS625C1","2.5""",SATA 3,TLC,120 GB,400 MB/s,515 MB/s,60 TB,Nem,Nem,8790,100 x 70 x 7 mm,
"INTEGRALMEMORY 120GB V Series (V2) SATA 3 2.5"" INSSD120GS625V2","2.5""",SATA 3,TLC,120 GB,300 MB/s,460 MB/s,60 TB,Nem,Nem,8890,,
INTEGRALMEMORY 240GB UltimaPro X v2 M.2 PCIe M.2 2280 INSSD240GM280NUPX2,M.2 2280,M.2 PCIe,TLC,240 GB,1050 MB/s,3300 MB/s,380 TB,Nem,Nem,17189,80 x 22 x 4 mm,
"INTEGRALMEMORY 240GB V Series SATA 3 2.5"" INSSD240GS625V2","2.5""",SATA 3,TLC,240 GB,400 MB/s,500 MB/s,60 TB,Nem,Nem,13291,,
INTEGRALMEMORY 512GB 22x80 M.2 SATA M.2 2280 INSSD512GM280,M.2 2280,M.2 SATA,TLC,512 GB,450 MB/s,520 MB/s,0 TB,Nem,Nem,24790,80 x 22 x 2.25 mm,
"INTEGRALMEMORY 960GB P5 SATA 3 2.5"" INSSD960GS625P5","2.5""",SATA 3,TLC,960 GB,540 MB/s,560 MB/s,262 TB,Nem,Nem,39390,,
INTENSO 120GB High Performance M.2 PCIe M.2 2280 3834430,M.2 2280,M.2 PCIe,TLC,120 GB,800 MB/s,1700 MB/s,0 TB,Nem,Nem,11990,,
INTENSO 120GB High Performance M.2 SATA M.2 2280 3833430,M.2 2280,M.2 SATA,TLC,120 GB,500 MB/s,520 MB/s,0 TB,Nem,Nem,8890,,
INTENSO 1TB Top M.2 SATA M.2 2280 3832460,M.2 2280,M.2 SATA,TLC,1000 GB,420 MB/s,520 MB/s,0 TB,Nem,Nem,35890,,
"INTENSO 1TB Top SATA 3 2.5"" 3812460","2.5""",SATA 3,TLC,1000 GB,420 MB/s,520 MB/s,0 TB,Nem,Nem,35890,,
INTENSO 240GB High Performance M.2 PCIe M.2 2280 3834440,M.2 2280,M.2 PCIe,TLC,240 GB,800 MB/s,1700 MB/s,0 TB,Nem,Nem,11890,,
INTENSO 240GB High Performance M.2 SATA M.2 2280 3833440,M.2 2280,M.2 SATA,TLC,240 GB,500 MB/s,520 MB/s,0 TB,Nem,Nem,12590,,
INTENSO 480GB High Performance M.2 PCIe M.2 2280 3834450,M.2 2280,M.2 PCIe,TLC,480 GB,800 MB/s,1700 MB/s,0 TB,Nem,Nem,22690,,
INTENSO 480GB High Performance M.2 SATA M.2 2280 3833450,M.2 2280,M.2 SATA,TLC,480 GB,500 MB/s,520 MB/s,0 TB,Nem,Nem,20790,,
"KINGMAX 960GB SMQ SATA 3 2.5"" KM960GSMQ32","2.5""",SATA 3,QLC,960 GB,480 MB/s,540 MB/s,0 TB,Nem,Nem,36391,100.5 x 69.9 x 7 mm,
"KINGMAX 960GB SMV32 SATA 3 2.5"" KM960GSMV32","2.5""",SATA 3,TLC,960 GB,480 MB/s,500 MB/s,0 TB,Nem,Nem,36391,100 x 69.85 x 7 mm,
"KINGSTON 1.92TB UV500 SATA 3 2.5"" SUV500/1920G","2.5""",SATA 3,TLC,1920 GB,500 MB/s,520 MB/s,800 TB,Nem,Nem,100090,100.1 x 69.85 x 7 mm,
"KINGSTON 1.92TB UV500 SATA 3 2.5"" SUV500B/1920G","2.5""",SATA 3,TLC,1920 GB,500 MB/s,520 MB/s,800 TB,Nem,Nem,110291,100.1 x 69.85 x 7 mm,
"KINGSTON 2TB KC600 SATA 3 2.5"" SKC600B/2048G","2.5""",SATA 3,TLC,2000 GB,520 MB/s,550 MB/s,1200 TB,Nem,Nem,103990,100.1 x 69.85 x 7 mm,
KINGSTON 512GB KC600 mSATA SKC600MS/512G,mSATA,mSATA,TLC,512 GB,520 MB/s,550 MB/s,300 TB,Nem,Nem,25991,50.8 x2 9.85 x 4.85 mm,Nem
"KINGSTON 960GB UV500 SATA 3 2.5"" SUV500/960G","2.5""",SATA 3,TLC,960 GB,500 MB/s,520 MB/s,480 TB,Nem,Nem,45690,100.1 x 69.85 x 7 mm,
KIOXIA 1TB Exceria Plus M.2 PCIe M.2 2280 LRD10Z001TG8,M.2 2280,M.2 PCIe,TLC,1000 GB,3200 MB/s,3400 MB/s,400 TB,Nem,Nem,64390,80.15 x 22.15 x 2.38 mm,
KIOXIA 2TB Exceria Plus M.2 PCIe M.2 2280 LRD10Z002TG8,M.2 2280,M.2 PCIe,TLC,2000 GB,3200 MB/s,3400 MB/s,800 TB,Nem,Nem,133490,80.15 x 22.15 x 2.38 mm,
KIOXIA 500GB Exceria Plus M.2 PCIe M.2 2280 LRD10Z500GG8,M.2 2280,M.2 PCIe,TLC,500 GB,2500 MB/s,3400 MB/s,200 TB,Nem,Nem,32290,80.15 x 22.15 x 2.38 mm,
LCPOWER 1TB Phenom M.2 PCIe M.2 2280 LC-M2-NVME-1TB,M.2 2280,M.2 PCIe,TLC,1000 GB,1500 MB/s,1800 MB/s,0 TB,Nem,Nem,45390,80 x 22 x 3.8 mm,
LCPOWER 1TB Phenom Pro M.2 PCIe M.2 2280 LC-M2-NVME-PRO-1TB,M.2 2280,M.2 PCIe,TLC,1000 GB,2500 MB/s,3200 MB/s,0 TB,Nem,Nem,53490,80 x 22 x 3.8 mm,
"LCPOWER 240GB Phoenix SATA 3 2.5"" LC-SSD-240GB","2.5""",SATA 3,TLC,240 GB,450 MB/s,510 MB/s,0 TB,Nem,Nem,14390,"100 x 69,9 x 7 mm",
LCPOWER 256GB Phenom M.2 PCIe M.2 2280 LC-M2-NVME-256GB,M.2 2280,M.2 PCIe,TLC,256 GB,1000 MB/s,1600 MB/s,0 TB,Nem,Nem,16789,80 x 22 x 3.8 mm,
"LCPOWER 480GB Phoenix SATA 3 2.5"" LC-SSD-480GB","2.5""",SATA 3,TLC,480 GB,470 MB/s,550 MB/s,0 TB,Nem,Nem,22990,"100 x 69,9 x 7 mm",
LCPOWER 512GB Phenom M.2 PCIe M.2 2280 LC-M2-NVME-512GB,M.2 2280,M.2 PCIe,TLC,512 GB,1400 MB/s,1700 MB/s,0 TB,Nem,Nem,24889,80 x 22 x 3.8 mm,
"LCPOWER 960GB Phoenix SATA 3 2.5"" LC-SSD-960GB","2.5""",SATA 3,TLC,960 GB,500 MB/s,550 MB/s,0 TB,Nem,Nem,39091,"100 x 69,9 x 7 mm",
LENOVO 2TB ThinkPad PCIe NVMe OPAL2 M.2 PCIe M.2 2280 4XB0W86200 (Basic garancia),M.2 2280,M.2 PCIe,TLC,2000 GB,3000 MB/s,3500 MB/s,0 TB,Nem,Nem,218791,177 x 144 x 53 mm,
"LEXAR 128GB NS100 SATA 3 2.5"" LNS100-128RB","2.5""",SATA 3,TLC,128 GB,520 MB/s,520 MB/s,64 TB,Nem,Nem,10790,69.85 x 100.2 x 7 mm,
LEXAR 1TB NM610 M.2 PCIe M.2 2280 LNM610-1TRB,M.2 2280,M.2 PCIe,TLC,1000 GB,1600 MB/s,2100 MB/s,2500 TB,Nem,Nem,43691,80 x 22 x 2.25 mm,
LEXAR 1TB NM700 M.2 PCIe M.2 2280 LNM700-1TRB,M.2 2280,M.2 PCIe,TLC,1000 GB,2000 MB/s,3500 MB/s,600 TB,Nem,Nem,51490,80 x 22 x 2.25 mm,
"LEXAR 240GB NQ100 SATA 3 2.5"" LNQ100X240G-RNNNG","2.5""",SATA 3,TLC,240 GB,0 MB/s,550 MB/s,84 TB,Nem,Nem,13490,69.85 x 100.2 x 7 mm,
LEXAR 250GB NM610 M.2 PCIe M.2 2280 LNM610-250RB,M.2 2280,M.2 PCIe,TLC,250 GB,1200 MB/s,2000 MB/s,125 TB,Nem,Nem,15690,80 x 22 x 2.25 mm,
LEXAR 256GB NM100 M.2 SATA M.2 2280 LNM100-256RB,M.2 2280,M.2 SATA,TLC,256 GB,550 MB/s,550 MB/s,128 TB,Nem,Nem,13990,80 x 22 x 2.25 mm,
LEXAR 256GB NM620 M.2 PCIe M.2 2280 LNM620X256G-RNNNG,M.2 2280,M.2 PCIe,TLC,256 GB,1300 MB/s,3000 MB/s,125 TB,Nem,Nem,17790,80 x 22 x 2.25 mm,
LEXAR 256GB NM700 M.2 PCIe M.2 2280 LNM700-256RB,M.2 2280,M.2 PCIe,TLC,256 GB,1200 MB/s,3500 MB/s,150 TB,Nem,Nem,20991,80 x 22 x 2.25 mm,
"LEXAR 256GB NS100 SATA 3 2.5"" LNS100-256RB","2.5""",SATA 3,TLC,256 GB,520 MB/s,520 MB/s,128 TB,Nem,Nem,15490,69.85 x 100.2 x 7 mm,
"LEXAR 480GB NQ100 SATA 3 2.5"" LNQ100X480G-RNNNG","2.5""",SATA 3,TLC,480 GB,0 MB/s,550 MB/s,168 TB,Nem,Nem,21190,69.85 x 100.2 x 7 mm,
LEXAR 500GB NM610 M.2 PCIe M.2 2280 LNM610-500RB,M.2 2280,M.2 PCIe,TLC,500 GB,1600 MB/s,2100 MB/s,250 TB,Nem,Nem,24790,80 x 22 x 2.25 mm,
LEXAR 512GB NM100 M.2 SATA M.2 2280 LNM100-512RB,M.2 2280,M.2 SATA,TLC,512 GB,550 MB/s,550 MB/s,256 TB,Nem,Nem,21789,80 x 22 x 2.25 mm,
LEXAR 512GB NM620 M.2 PCIe M.2 2280 LNM620X512G-RNNNG,M.2 2280,M.2 PCIe,TLC,512 GB,2400 MB/s,3000 MB/s,250 TB,Nem,Nem,26490,80 x 22 x 2.25 mm,
LEXAR 512GB NM700 M.2 PCIe M.2 2280 LNM700-512RB,M.2 2280,M.2 PCIe,TLC,512 GB,2000 MB/s,3500 MB/s,300 TB,Nem,Nem,31590,80 x 22 x 2.25 mm,
"LEXAR 512GB NS100 SATA 3 2.5"" LNS100-512RB","2.5""",SATA 3,TLC,512 GB,550 MB/s,550 MB/s,256 TB,Nem,Nem,21789,69.85 x 100.2 x 7 mm,
MEDIARANGE 128GB MR1021 M.2 SATA M.2 2280,M.2 2280,M.2 SATA,TLC,128 GB,430 MB/s,510 MB/s,50 TB,Nem,Nem,9590,80 x 22 x 2.5 mm,
"MEDIARANGE 240GB MR1002 SATA 3 2.5"" MR1002","2.5""",SATA 3,TLC,240 GB,450 MB/s,500 MB/s,0 TB,Nem,Nem,13390,100 x 69.9 x 7 mm,
"MEDIARANGE 480GB MR1003 SATA 3 2.5"" MR1003","2.5""",SATA 3,TLC,480 GB,480 MB/s,500 MB/s,0 TB,Nem,Nem,23090,100 x 69.9 x 7 mm,
"MEDIARANGE 960GB MR1004 SATA 3 2.5"" MR1004","2.5""",SATA 3,TLC,960 GB,480 MB/s,550 MB/s,0 TB,Nem,Nem,39190,100 x 69.9 x 7 mm,
MUSHKIN 120GB Pilot M.2 PCIe M.2 2280 MKNSSDPL120GB-D8,M.2 2280,M.2 PCIe,TLC,120 GB,515 MB/s,1215 MB/s,0 TB,Nem,Nem,14590,,
"MUSHKIN 120GB Source SATA 3 2.5"" MKNSSDSR120GB","2.5""",SATA 3,TLC,120 GB,440 MB/s,510 MB/s,0 TB,Nem,Nem,10490,100.45 x 69.85 x 7 mm,
MUSHKIN 1TB Helix-L M.2 PCIe M.2 2280 MKNSSDHL1TB-D8,M.2 2280,M.2 PCIe,TLC,1000 GB,1700 MB/s,2110 MB/s,600 TB,Nem,Nem,43390,22 x 80 x 3.8 mm,
MUSHKIN 1TB Pilot-E M.2 PCIe M.2 2280 MKNSSDPE1TB-D8,M.2 2280,M.2 PCIe,TLC,1000 GB,3000 MB/s,3500 MB/s,650 TB,Nem,Nem,52989,80 x 22 x 3.8 mm,
MUSHKIN 250GB Helix-L M.2 PCIe M.2 2280 MKNSSDHL250GB-D8,M.2 2280,M.2 PCIe,TLC,250 GB,1250 MB/s,2010 MB/s,150 TB,Nem,Nem,16990,22 x 80 x 3.8 mm,
"MUSHKIN 250GB Source SATA 3 2.5"" MKNSSDSR250GB","2.5""",SATA 3,TLC,250 GB,515 MB/s,560 MB/s,0 TB,Nem,Nem,16290,100.45 x 69.85 x 7 mm,
MUSHKIN 2TB Pilot-E M.2 PCIe M.2 2280 MKNSSDPE2TB-D8,M.2 2280,M.2 PCIe,TLC,2000 GB,3100 MB/s,3500 MB/s,1300 TB,Nem,Nem,109590,80 x 22 x 3.8 mm,
"MUSHKIN 2TB Source 2 SATA 3 2.5"" MKNSSDS22TB","2.5""",SATA 3,TLC,2000 GB,505 MB/s,560 MB/s,0 TB,Nem,Nem,78990,100.45 x 69.85 x 7 mm,
MUSHKIN 500GB Helix-L M.2 PCIe M.2 2280 MKNSSDHL500GB-D8,M.2 2280,M.2 PCIe,TLC,500 GB,1670 MB/s,2105 MB/s,300 TB,Nem,Nem,32890,22 x 80 x 3.8 mm,
MUSHKIN 500GB Pilot-E M.2 PCIe M.2 2280 MKNSSDPE500GB-D8,M.2 2280,M.2 PCIe,TLC,500 GB,2300 MB/s,3500 MB/s,350 TB,Nem,Nem,30790,80 x 22 x 3.8 mm,
"MUSHKIN 500GB Source SATA 3 2.5"" MKNSSDSR500GB","2.5""",SATA 3,TLC,500 GB,520 MB/s,560 MB/s,0 TB,Nem,Nem,26391,100.45 x 69.85 x 7 mm,
ORIGIN 1TB Internal M.2 PCIe M.2 2280 NB-1TB3DM.2/NVME,M.2 2280,M.2 PCIe,TLC,1000 GB,1500 MB/s,2750 MB/s,0 TB,Nem,Nem,87390,,
ORIGIN 1TB Internal M.2 SATA M.2 2280 NB-1TB3DSSD-M.2,M.2 2280,M.2 SATA,TLC,1000 GB,0 MB/s,0 MB/s,0 TB,Nem,Nem,59690,,
ORIGIN 1TB Internal mSATA NB-10003DTLC-MINI,mSATA,mSATA,TLC,1000 GB,0 MB/s,0 MB/s,0 TB,Nem,Nem,78490,,
ORIGIN 512GB Internal mSATA NB-5123DTLC-MINI,mSATA,mSATA,TLC,512 GB,0 MB/s,0 MB/s,0 TB,Nem,Nem,40590,,
OWC 1TB Aura Pro X2 M.2 PCIe 2280 OWCS3DAPT4MA10K,M.2 2280,M.2 PCIe,TLC,1000 GB,2400 MB/s,3200 MB/s,0 TB,Nem,Nem,92591,22 x 89 x 2.6 mm,
OWC 1TB Aura Pro X2 M.2 PCIe 2280 OWCS3DAPT4MB10K,M.2 2280,M.2 PCIe,TLC,1000 GB,2400 MB/s,3200 MB/s,0 TB,Nem,Nem,125390,22 x 89 x 2.6 mm,
OWC 1TB Aura Pro X2 M.2 PCIe 2280 OWCS3DAPT4MP10P,M.2 2280,M.2 PCIe,TLC,1000 GB,2400 MB/s,3200 MB/s,0 TB,Nem,Nem,88389,22 x 89 x 2.6 mm,
OWC 250GB Aura Pro M.2 SATA 2280 OWCS3DAP2A6G250,M.2 2280,M.2 SATA,MLC,480 GB,501 MB/s,503 MB/s,0 TB,Nem,Nem,30290,,
"OWC 250GB Mercury Electra 3G SATA 2 2.5"" OWCS3D7E3G250","2.5""",SATA 2,MLC,250 GB,275 MB/s,285 MB/s,0 TB,Nem,Nem,17390,,
OWC 2TB Aura Pro X2 M.2 PCIe 2280 OWCS3DAPT4MA20K,M.2 2280,M.2 PCIe,TLC,2000 GB,2400 MB/s,3200 MB/s,0 TB,Nem,Nem,169890,22 x 89 x 2.6 mm,
OWC 2TB Aura Pro X2 M.2 PCIe 2280 OWCS3DAPT4MB20,M.2 2280,M.2 PCIe,TLC,2000 GB,2400 MB/s,3200 MB/s,0 TB,Nem,Nem,160490,22 x 89 x 2.6 mm,
OWC 2TB Aura Pro X2 M.2 PCIe 2280 OWCS3DAPT4MB20K,M.2 2280,M.2 PCIe,TLC,2000 GB,2400 MB/s,3200 MB/s,0 TB,Nem,Nem,197490,22 x 89 x 2.6 mm,
OWC 2TB Aura Pro X2 M.2 PCIe 2280 OWCS3DAPT4MP20K,M.2 2280,M.2 PCIe,TLC,2000 GB,2400 MB/s,3200 MB/s,0 TB,Nem,Igen,202990,22 x 89 x 2.6 mm,
OWC 2TB Aura Pro X2 M.2 PCIe 2280 OWCS3DAPT4MP20P,M.2 2280,M.2 PCIe,TLC,2000 GB,2400 MB/s,3200 MB/s,0 TB,Nem,Igen,164589,22 x 89 x 2.6 mm,
OWC 480GB Aura 6G mSATA OWCSSDIM12D480,mSATA,mSATA,MLC,480 GB,501 MB/s,503 MB/s,0 TB,Nem,Nem,47890,,
OWC 480GB Aura Pro X2 M.2 PCIe 2280 OWCS3DAPT4MA05K,M.2 2280,M.2 PCIe,TLC,480 GB,2400 MB/s,3200 MB/s,0 TB,Nem,Nem,57490,22 x 89 x 2.6 mm,
"OWC 500GB Mercury Electra 3G SATA 2 2.5"" OWCS3D7E3G500","2.5""",SATA 2,MLC,500 GB,274 MB/s,260 MB/s,0 TB,Nem,Nem,28291,,
OWC 8TB Accelsior 4M2 PCI Express HHHL/PCI Express OWCSSDACL4M208T,HHHL/PCI Express,PCI Express,TLC,8000 GB,6489 MB/s,6948 MB/s,0 TB,Nem,Igen,741590,181 x 126.3 x 21.6 mm,
"PATRIOT 1TB P200 SATA 3 2.5"" P200S1TB25","2.5""",SATA 3,TLC,1000 GB,460 MB/s,530 MB/s,640 TB,Nem,Nem,44590,100 x 69.85 x 7 mm,
PATRIOT 1TB P300 M.2 PCIe M.2 2280 P300P1TBM28,M.2 2280,M.2 PCIe,TLC,1000 GB,1650 MB/s,2100 MB/s,320 TB,Nem,Nem,41391,80 x 22 x 4 mm,
PATRIOT 1TB VPN100 M.2 PCIe M.2 2280 VPN100-1TBM28B,M.2 2280,M.2 PCIe,TLC,1000 GB,3200 MB/s,3400 MB/s,3115 TB,Nem,Igen,51290,22 x 80 x 10.5 mm,
PATRIOT 1TB VPR100 M.2 PCIe M.2 2280 VPR100-1TBM28H,M.2 2280,M.2 PCIe,TLC,1000 GB,2900 MB/s,3900 MB/s,1600 TB,Igen,Igen,63590,80 x 25 x 7 mm,
PATRIOT 256GB VPR100 M.2 PCIe M.2 2280 VPR100-256GM28H,M.2 2280,M.2 PCIe,TLC,256 GB,1000 MB/s,3000 MB/s,380 TB,Igen,Igen,24390,80 x 25 x 7 mm,
"PATRIOT 2TB P210 SATA 3 2.5"" P210S2TB25","2.5""",SATA 3,TLC,2000 GB,430 MB/s,520 MB/s,0 TB,Nem,Nem,76590,100 x 69.6 x 7 mm,
PATRIOT 2TB P300 M.2 PCIe M.2 2280 P300P2TBM28,M.2 2280,M.2 PCIe,TLC,2000 GB,1650 MB/s,2100 MB/s,320 TB,Nem,Nem,96791,80 x 22 x 4 mm,
PATRIOT 2TB VP4100 M.2 PCIe M.2 2280 VP4100-2TBM28H,M.2 2280,M.2 PCIe,TLC,2000 GB,4400 MB/s,5000 MB/s,3600 TB,Nem,Igen,149890,22 x 80 x 7 mm,Igen
PATRIOT 512GB VPR100 M.2 PCIe M.2 2280 VPR100-512GM28H,M.2 2280,M.2 PCIe,TLC,512 GB,2100 MB/s,3300 MB/s,800 TB,Igen,Igen,37090,80 x 25 x 7 mm,
"PATRIOT 960GB Burst Elite SATA 3 2.5"" PBE960GS25SSDR","2.5""",SATA 3,TLC,960 GB,320 MB/s,450 MB/s,800 TB,Nem,Nem,34590,100 x 69 x 7 mm,
"PATRIOT 960GB Burst SATA 3 2.5"" PBU960GS25SSDR","2.5""",SATA 3,TLC,960 GB,540 MB/s,560 MB/s,0 TB,Nem,Nem,41090,,
"PHILIPS 240 Ultra Speed SATA 3 2.5"" PH511132","2.5""",SATA 3,TLC,240 GB,480 MB/s,550 MB/s,0 TB,Nem,Nem,15991,,
PNY 1TB CS2130 M.2 PCIe M.2 2280 M280CS2130-1TB-RB,M.2 2280,M.2 PCIe,TLC,1000 GB,1800 MB/s,3500 MB/s,0 TB,Nem,Nem,45590,22 x 80 x 4 mm,
PNY 1TB CS304 M.2 PCIe M.2 2280 M280CS3040-1TB-RB,M.2 2280,M.2 PCIe,TLC,1000 GB,4300 MB/s,5600 MB/s,0 TB,Nem,Nem,70390,,Igen
PNY 1TB CS900 M.2 SATA M.2 2280 M280CS900-1TB-RB,M.2 2280,M.2 SATA,TLC,1000 GB,500 MB/s,535 MB/s,0 TB,Nem,Nem,41090,,
PNY 1TB XLR8 CS3040 M.2 PCIe M.2 2280 M280CS3040HS-1TB-RB,M.2 2280,M.2 PCIe,TLC,1000 GB,4300 MB/s,5600 MB/s,0 TB,Nem,Igen,73090,,Igen
PNY 250GB CS900 M.2 SATA M.2 2280 M280CS900-250-RB,M.2 2280,M.2 SATA,TLC,250 GB,500 MB/s,535 MB/s,0 TB,Nem,Nem,13890,,
PNY 2TB CS2130 M.2 PCIe M.2 2280 M280CS2130-2TB-RB,M.2 2280,M.2 PCIe,TLC,2000 GB,3000 MB/s,3500 MB/s,0 TB,Nem,Nem,91190,22 x 80 x 4 mm,
PNY 2TB CS3030 M.2 PCIe M.2 2280 M280CS3030-2TB-RB,M.2 2280,M.2 PCIe,TLC,2000 GB,3000 MB/s,3500 MB/s,3115 TB,Nem,Nem,160090,22 x 80 x 2 mm,
PNY 2TB CS304 M.2 PCIe M.2 2280 M280CS3040-2TB-RB,M.2 2280,M.2 PCIe,TLC,2000 GB,4300 MB/s,5600 MB/s,0 TB,Nem,Nem,134090,,Igen
PNY 2TB XLR8 CS3040 M.2 PCIe M.2 2280 M280CS3040HS-2TB-RB,M.2 2280,M.2 PCIe,TLC,2000 GB,4300 MB/s,5600 MB/s,0 TB,Nem,Igen,136790,,Igen
PNY 500GB CS304 M.2 PCIe M.2 2280 M280CS3040-500-RB,M.2 2280,M.2 PCIe,TLC,500 GB,2600 MB/s,5600 MB/s,0 TB,Nem,Nem,42990,,Igen
PNY 500GB CS900 M.2 SATA M.2 2280 M280CS900-500-RB,M.2 2280,M.2 SATA,TLC,500 GB,500 MB/s,535 MB/s,0 TB,Nem,Nem,23190,,
PNY 500GB XLR8 CS3040 M.2 PCIe M.2 2280 M280CS3040HS-500-RB,M.2 2280,M.2 PCIe,TLC,500 GB,2600 MB/s,5600 MB/s,0 TB,Nem,Igen,46090,,Igen
"PNY 960GB CS900 SATA 3 2.5"" SSD7CS900-960-PB","2.5""",SATA 3,TLC,960 GB,515 MB/s,535 MB/s,0 TB,Nem,Nem,37090,,
SAMSUNG 1TB 970 EVO M.2 PCIe M.2 2280 MZ-V7E1T0BW,M.2 2280,M.2 PCIe,MLC,1000 GB,2500 MB/s,3400 MB/s,600 TB,Nem,Nem,54590,80.15 x 22.15 x 2.38 mm,
SAMSUNG 250GB 980 M.2 PCIe M.2 2280 MZ-V8V250BW (Basic garancia),M.2 2280,M.2 PCIe,TLC,250 GB,1300 MB/s,2900 MB/s,150 TB,Nem,Nem,19290,80.15 x 22.15 x 2.38 mm,
SAMSUNG 2TB 860 EVO M.2 SATA M.2 2280 MZ-N6E2T0BW (Basic garancia),M.2 2280,M.2 SATA,MLC,2000 GB,520 MB/s,550 MB/s,1200 TB,Nem,Nem,92989,80.15 x 22.15 x 2.38 mm,
"SAMSUNG 2TB 860 EVO SATA 3 2.5"" MZ-76E2T0B/EU (Basic garancia)","2.5""",SATA 3,MLC,2000 GB,520 MB/s,550 MB/s,1200 TB,Nem,Nem,105490,100 X 69.85 X 6.8 mm,
"SAMSUNG 2TB 860 PRO SATA 3 2.5"" MZ-76P2T0B/EU (Basic garancia)","2.5""",SATA 3,MLC,2000 GB,530 MB/s,560 MB/s,2400 TB,Nem,Nem,146489,100 X 69.85 X 6.8 mm,
"SAMSUNG 4TB 860 PRO SATA 3 2.5"" MZ-76P4T0B/EU (Basic garancia)","2.5""",SATA 3,MLC,4000 GB,530 MB/s,560 MB/s,4800 TB,Nem,Nem,290690,100 X 69.85 X 6.8 mm,
SAMSUNG 500GB 970 EVO M.2 PCIe M.2 2280 MZ-V7E500BW,M.2 2280,M.2 PCIe,MLC,500 GB,2300 MB/s,3400 MB/s,300 TB,Nem,Nem,28790,80.15 x 22.15 x 2.38 mm,
"SANDISK 1TB Ultra SATA 3 2.5"" SDSSDH3-1T00-G25","2.5""",SATA 3,TLC,1000 GB,530 MB/s,560 MB/s,400 TB,Nem,Nem,42790,,
"SANDISK 250GB Ultra SATA 3 2.5"" SDSSDH3-250G-G25","2.5""",SATA 3,TLC,250 GB,525 MB/s,550 MB/s,100 TB,Nem,Nem,18190,,
"SANDISK 2TB Plus SATA 3 2.5"" SDSSDA-2T00-G26","2.5""",SATA 3,MLC,2000 GB,450 MB/s,535 MB/s,0 TB,Nem,Nem,75990,,
SEAGATE 1.92TB IronWolf 510 M.2 PCIe M.2 2280 ZP1920NM30001,M.2 2280,M.2 PCIe,TLC,1920 GB,850 MB/s,3150 MB/s,3500 TB,Nem,Nem,150691,,
SEAGATE 1TB Barracuda 510 M.2 PCIe M.2 2280 ZP1000CM3A001,M.2 2280,M.2 PCIe,TLC,1000 GB,3000 MB/s,3400 MB/s,640 TB,Nem,Nem,56190,80 x 22 x 2 mm,
SEAGATE 1TB FireCuda 510 M.2 PCIe M.2 2280 ZP1000GM30001,M.2 2280,M.2 PCIe,TLC,1000 GB,3050 MB/s,3450 MB/s,1300 TB,Nem,Nem,70689,80 x 22 x 3 mm,
SEAGATE 1TGB Barracuda Q5 M.2 PCIe M.2 2280 ZP1000CV30001,M.2 2280,M.2 PCIe,QLC,1000 GB,1700 MB/s,2400 MB/s,274 TB,Nem,Nem,42589,80 x 22 x 2.15 mm,
"SEAGATE 240GB IronWolf 110 SATA 3 2.5"" ZA240NM10011","2.5""",SATA 3,TLC,240 GB,345 MB/s,560 MB/s,435 TB,Nem,Nem,39489,100 x 70 x 7 mm,
SEAGATE 240GB IronWolf 510 M.2 PCIe M.2 2280 ZP240NM30001,M.2 2280,M.2 PCIe,TLC,240 GB,290 MB/s,2450 MB/s,435 TB,Nem,Nem,32090,,
"SEAGATE 240GB IronWolf Pro 125 SATA 3 2.5"" ZA240NX10001","2.5""",SATA 3,TLC,240 GB,360 MB/s,545 MB/s,435 TB,Nem,Nem,28090,100.35 x 70.1 x 7.1 mm,
SEAGATE 250GB Barracuda 510 M.2 PCIe M.2 2280 ZP250CM3A001,M.2 2280,M.2 PCIe,TLC,250 GB,1200 MB/s,3100 MB/s,160 TB,Nem,Nem,19290,80 x 22 x 2 mm,
SEAGATE 250GB FireCuda 510 M.2 PCIe M.2 2280 ZP250GM3A001,M.2 2280,M.2 PCIe,TLC,250 GB,2500 MB/s,3450 MB/s,375 TB,Nem,Nem,21890,80 x 22 x 3 mm,Nem
"SEAGATE 250GB Ironwolf 125 SATA 3 2.5"" ZA250NM10002","2.5""",SATA 3,TLC,250 GB,540 MB/s,560 MB/s,300 TB,Nem,Nem,23590,100.35 x 70.1 x 7.1 mm,
"SEAGATE 2TB FireCuda 120 SATA 3 2.5"" ZA2000GM1A001","2.5""",SATA 3,TLC,2000 GB,540 MB/s,560 MB/s,2800 TB,Nem,Nem,119390,100.35 x 70.1 x 7.1 mm,
SEAGATE 2TB FireCuda 510 M.2 PCIe M.2 2280 ZP2000GM30021,M.2 2280,M.2 PCIe,TLC,2000 GB,3200 MB/s,3450 MB/s,2600 TB,Nem,Nem,111489,80 x 22 x 3 mm,
SEAGATE 2TGB Barracuda Q5 M.2 PCIe M.2 2280 ZP2000CV30001,M.2 2280,M.2 PCIe,QLC,2000 GB,1800 MB/s,2400 MB/s,531 TB,Nem,Nem,91290,80 x 22 x 2.15 mm,
"SEAGATE 480GB Barracuda Q1 SATA 3 2.5"" ZA480CV10001","2.5""",SATA 3,TLC,480 GB,500 MB/s,550 MB/s,110 TB,Nem,Nem,25190,100.4 x 70.1 x 7.1 mm,
"SEAGATE 480GB IronWolf 110 SATA 3 2.5"" ZA480NM10011","2.5""",SATA 3,TLC,480 GB,535 MB/s,560 MB/s,875 TB,Nem,Nem,53290,100 x 70 x 7 mm,
"SEAGATE 480GB Maxtor Z1 SATA 3 2.5"" YA480VC1A001","2.5""",SATA 3,TLC,480 GB,465 MB/s,540 MB/s,180 TB,Nem,Nem,21490,100 x 7 x 69.85 mm,
"SEAGATE 4TB FireCuda 120 SATA 3 2.5"" ZA4000GM1A001","2.5""",SATA 3,TLC,4000 GB,540 MB/s,560 MB/s,5600 TB,Nem,Nem,217890,100.35 x 70.1 x 7.1 mm,
"SEAGATE 4TB Ironwolf 125 SATA 3 2.5"" ZA4000NM10002","2.5""",SATA 3,TLC,4000 GB,540 MB/s,560 MB/s,5600 TB,Nem,Nem,223791,100.35 x 70.1 x 7.1 mm,
SEAGATE 500GB Barracuda 510 M.2 PCIe M.2 2280 ZP500CM3A001,M.2 2280,M.2 PCIe,TLC,500 GB,2400 MB/s,3400 MB/s,320 TB,Nem,Nem,30290,80 x 22 x 2 mm,
SEAGATE 500GB FireCuda 510 M.2 PCIe M.2 2280 ZP500GM3A001,M.2 2280,M.2 PCIe,TLC,500 GB,2500 MB/s,3450 MB/s,650 TB,Nem,Nem,30790,80 x 22 x 3 mm,
"SEAGATE 500GB Ironwolf 125 SATA 3 2.5"" ZA500NM10002","2.5""",SATA 3,TLC,500 GB,540 MB/s,560 MB/s,700 TB,Nem,Nem,32090,100.35 x 70.1 x 7.1 mm,
"SEAGATE 960GB Barracuda Q1 SATA 3 2.5"" ZA960CV10001","2.5""",SATA 3,TLC,960 GB,500 MB/s,550 MB/s,280 TB,Nem,Nem,36090,100.4 x 70.1 x 7.1 mm,
SEAGATE 960GB IronWolf 510 M.2 PCIe M.2 2280 ZP960NM30001,M.2 2280,M.2 PCIe,TLC,960 GB,1000 MB/s,3150 MB/s,1750 TB,Nem,Nem,87690,,
"SILICON POWER 120GB Velox V55 SATA 3 2.5"" SP120GBSS3V55S25","2.5""",SATA 3,MLC,120 GB,180 MB/s,515 MB/s,65 TB,Nem,Nem,9889,,
SILICON POWER 1TB UD70 M.2 PCIe M.2 2280 SP01KGBP34UD7005,M.2 2280,M.2 PCIe,QLC,1000 GB,3000 MB/s,3400 MB/s,260 TB,Nem,Nem,45090,22.0 x 80.0 x 3.5 mm,
SILICON POWER 1TB US70 M.2 PCIe M.2 2280 SP01KGBP44US7005,M.2 2280,M.2 PCIe,TLC,1000 GB,4400 MB/s,5000 MB/s,1800 TB,Nem,Nem,70590,80 x 22 x 3.5 mm,
"SILICON POWER 240GB Slim S55 SATA 3 2.5"" SP240GBSS3S55S25","2.5""",SATA 3,TLC,240 GB,450 MB/s,460 MB/s,125 TB,Nem,Nem,12590,,
"SILICON POWER 240GB Velox V55 SATA 3 2.5"" SP240GBSS3V55S25","2.5""",SATA 3,TLC,240 GB,370 MB/s,460 MB/s,125 TB,Nem,Nem,14489,100 x 70 x 7 mm,
"SILICON POWER 480GB Slim S56 SATA 3 2.5"" SP480GBSS3S56A25","2.5""",SATA 3,TLC,480 GB,490 MB/s,500 MB/s,250 TB,Nem,Nem,24489,,
"SILICON POWER 480GB Velox V55 SATA 3 2.5"" SP480GBSS3V55S25","2.5""",SATA 3,TLC,480 GB,450 MB/s,500 MB/s,250 TB,Nem,Nem,24091,100 x 70 x 7 mm,
SILICON POWER 512GB A55 M.2 SATA M.2 2280 SP512GBSS3A55M28,M.2 2280,M.2 SATA,TLC,512 GB,530 MB/s,560 MB/s,250 TB,Nem,Nem,21190,22.0 x 80.0 x 3.5 mm,
"SILICON POWER 960GB Slim S56 SATA 3 2.5"" SP960GBSS3S56A25","2.5""",SATA 3,TLC,960 GB,490 MB/s,500 MB/s,500 TB,Nem,Nem,43290,,
TEAM GROUP 1TB Cardea Ceramic C440 M.2 PCIe M.2 2280 TM8FPA001T0C410,M.2 2280,M.2 PCIe,TLC,1000 GB,4400 MB/s,5000 MB/s,1800 TB,Nem,Igen,68490,80 x 22 x 4.75 mm,Igen
TEAM GROUP 1TB Cardea II M.2 PCIe M.2 2280 TM8FP5001T0C110,M.2 2280,M.2 PCIe,TLC,1000 GB,3000 MB/s,3400 MB/s,1665 TB,Nem,Nem,53190,80.1 x 23.4 x 12.9 mm,
TEAM GROUP 1TB Cardea Liquid M.2 PCIe M.2 2280 TM8FP5001T0C119,M.2 2280,M.2 PCIe,TLC,1000 GB,3000 MB/s,3400 MB/s,1665 TB,Nem,Nem,55990,82 x 24 x 14 mm,
TEAM GROUP 1TB Cardea Zero Z440 M.2 PCIe M.2 2280 TM8FP7001T0C311,M.2 2280,M.2 PCIe,TLC,1000 GB,4400 MB/s,5000 MB/s,1800 TB,Nem,Nem,64690,80 x 22 x 3.7 mm,Igen
"TEAM GROUP 1TB CX2 SATA 3 2.5"" T253X6001T0C101","2.5""",SATA 3,TLC,1000 GB,490 MB/s,540 MB/s,240 TB,Nem,Nem,37090,100 x 69.9 x 7 mm,
"TEAM GROUP 1TB Delta Max SATA 3 2.5"" T253TM001T3C302","2.5""",SATA 3,TLC,1000 GB,510 MB/s,560 MB/s,240 TB,Igen,Nem,53890,100 x 69.85 x 9.5 mm,
"TEAM GROUP 1TB Delta RGB SSD SATA 3 2.5"" T253TR001T3C313","2.5""",SATA 3,TLC,1000 GB,510 MB/s,560 MB/s,800 TB,Igen,Nem,49390,100 x 69.9 x 9.5 mm,
"TEAM GROUP 1TB DELTA S RGB SATA 3 2.5"" T253TR001T3C412","2.5""",SATA 3,TLC,1000 GB,510 MB/s,560 MB/s,800 TB,Igen,Nem,49390,100 x 69.85 x 9.5 mm,
"TEAM GROUP 1TB GX2 SATA 3 2.5"" T253X2001T0C101","2.5""",SATA 3,TLC,1000 GB,480 MB/s,530 MB/s,240 TB,Nem,Nem,36391,100 x 70 x 7 mm,
TEAM GROUP 1TB MP33 Pro M.2 PCIe M.2 2280 TM8FPD001T0C101,M.2 2280,M.2 PCIe,TLC,1000 GB,1700 MB/s,2100 MB/s,600 TB,Nem,Nem,42890,80 x 22 x 3.8 mm,
"TEAM GROUP 1TB T-Create Classic SATA 3 2.5"" T253TA001T3C601","2.5""",SATA 3,TLC,1000 GB,520 MB/s,550 MB/s,240 TB,Nem,Nem,37490,100 x 69.9 x 7 mm,
"TEAM GROUP 240GB CX1 SATA 3 2.5"" T253X5240G0C101","2.5""",SATA 3,TLC,240 GB,430 MB/s,520 MB/s,60 TB,Nem,Nem,13590,100 x 69.9 x 7 mm,
"TEAM GROUP 240GB L5 Lite SATA 3 2.5"" T2535T240G0C101","2.5""",SATA 3,MLC,240 GB,400 MB/s,530 MB/s,0 TB,Nem,Nem,14290,,
"TEAM GROUP 256GB CX2 SATA 3 2.5"" T253X6256G0C101","2.5""",SATA 3,TLC,256 GB,430 MB/s,520 MB/s,60 TB,Nem,Nem,12790,100 x 69.9 x 7 mm,
TEAM GROUP 256GB MP33 M.2 PCIe M.2 2280 TM8FP6256G0C101,M.2 2280,M.2 PCIe,TLC,256 GB,1000 MB/s,1600 MB/s,150 TB,Nem,Nem,15890,80 x 22 x 3.8 mm,
TEAM GROUP 256GB MS30 M.2 SATA M.2 2280 TM8PS7256G0C101,M.2 2280,M.2 SATA,TLC,256 GB,470 MB/s,550 MB/s,60 TB,Nem,Nem,12990,80 x 22 x 3.5 mm,
TEAM GROUP 2TB Cardea Ceramic C440 M.2 PCIe M.2 2280 TM8FPA002T0C410,M.2 2280,M.2 PCIe,TLC,2000 GB,4400 MB/s,5000 MB/s,3600 TB,Nem,Igen,136889,80 x 22 x 4.75 mm,Igen
TEAM GROUP 2TB Cardea Zero Z440 M.2 PCIe M.2 2280 TM8FP7002T0C311,M.2 2280,M.2 PCIe,TLC,2000 GB,4400 MB/s,5000 MB/s,3600 TB,Nem,Nem,118090,80 x 22 x 3.7 mm,Igen
"TEAM GROUP 2TB GX2 SATA 3 2.5"" T253X2002T0C101","2.5""",SATA 3,TLC,2000 GB,480 MB/s,530 MB/s,480 TB,Nem,Nem,75090,100 x 70 x 7 mm,
"TEAM GROUP 480GB CX1 SATA 3 2.5"" T253X5480G0C101","2.5""",SATA 3,TLC,480 GB,470 MB/s,530 MB/s,120 TB,Nem,Nem,21990,100 x 69.9 x 7 mm,
"TEAM GROUP 500GB DELTA S RGB SATA 3 2.5"" T253TR500G3C312","2.5""",SATA 3,TLC,500 GB,510 MB/s,560 MB/s,400 TB,Igen,Nem,29990,100 x 69.85 x 9.5 mm,
TEAM GROUP 512GB Cardea II M.2 PCIe M.2 2280 TM8FP5512G0C110,M.2 2280,M.2 PCIe,TLC,512 GB,2000 MB/s,3400 MB/s,800 TB,Nem,Nem,31190,80.1 x 23.4 x 12.9 mm,
TEAM GROUP 512GB Cardea Liquid M.2 PCIe M.2 2280 TM8FP5512G0C119,M.2 2280,M.2 PCIe,TLC,512 GB,2000 MB/s,3400 MB/s,800 TB,Nem,Nem,33190,82 x 24 x 14 mm,
TEAM GROUP 512GB Cardea Zero Z340 M.2 PCIe M.2 2280 TM8FP9512G0C311,M.2 2280,M.2 PCIe,TLC,512 GB,2000 MB/s,3400 MB/s,800 TB,Nem,Igen,36290,80 x 22 x 3.7 mm,
"TEAM GROUP 512GB EX2 SATA 3 2.5"" T253E2512G0C101","2.5""",SATA 3,TLC,512 GB,520 MB/s,550 MB/s,120 TB,Nem,Nem,20490,100 x 69.9 x 7 mm,
"TEAM GROUP 512GB GX2 SATA 3 2.5"" T253X2512G0C101","2.5""",SATA 3,TLC,512 GB,430 MB/s,530 MB/s,120 TB,Nem,Nem,20690,100 x 70 x 7 mm,
TEAM GROUP 512GB MP33 M.2 PCIe M.2 2280 TM8FP6512G0C101,M.2 2280,M.2 PCIe,TLC,512 GB,1400 MB/s,1700 MB/s,350 TB,Nem,Nem,22090,80 x 22 x 3.8 mm,
TEAM GROUP 512GB MP33 Pro M.2 PCIe M.2 2280 TM8FPD512G0C101,M.2 2280,M.2 PCIe,TLC,512 GB,1700 MB/s,2100 MB/s,400 TB,Nem,Nem,23190,80 x 22 x 3.8 mm,
TEAM GROUP 512GB MP34 M.2 PCIe M.2 2280 TM8FP4512G0C101,M.2 2280,M.2 PCIe,TLC,512 GB,1700 MB/s,3000 MB/s,800 TB,Nem,Nem,26290,80 x 22 x 3.8 mm,
TEAM GROUP 512GB MS30 M.2 SATA M.2 2280 TM8PS7512G0C101,M.2 2280,M.2 SATA,TLC,512 GB,480 MB/s,550 MB/s,120 TB,Nem,Nem,20790,80 x 22 x 3.5 mm,
"TEAM GROUP 960GB CX1 SATA 3 2.5"" T253X5960G0C101","2.5""",SATA 3,TLC,960 GB,490 MB/s,540 MB/s,240 TB,Nem,Nem,33691,100 x 69.9 x 7 mm,
"TOSHIBA 1TB VX500 SATA 3 2.5"" VX500-25SAT3-1T","2.5""",SATA 3,MLC,1000 GB,515 MB/s,550 MB/s,0 TB,Nem,Nem,142890,,
"TOSHIBA 512GB VX500 SATA 3 2.5"" VX500-25SAT3-512G","2.5""",SATA 3,MLC,512 GB,515 MB/s,550 MB/s,0 TB,Nem,Nem,68290,,
TRANSCEND 128GB 370S mSATA TS128GMSA370S,mSATA,mSATA,TLC,128 GB,200 MB/s,530 MB/s,360 TB,Nem,Nem,19089,50.8 x 29.85 x 4.85 mm,
TRANSCEND 128GB 830S M.2 SATA M.2 2280 TS128GMTS830S,M.2 2280,M.2 SATA,TLC,128 GB,500 MB/s,560 MB/s,560 TB,Nem,Nem,9390,80 x 22 x 3.58 mm,
TRANSCEND 128GB MSA370 mSATA TS128GMSA370,mSATA,mSATA,MLC,128 GB,150 MB/s,520 MB/s,150 TB,Nem,Nem,29790,,
TRANSCEND 128GB MTS400 M.2 SATA M.2 2242 TS128GMTS400,M.2 2242,M.2 SATA,MLC,128 GB,160 MB/s,510 MB/s,150 TB,Nem,Nem,17990,,
TRANSCEND 128GB MTS800 M.2 SATA M.2 2280 TS128GMTS800S,M.2 2280,M.2 SATA,MLC,128 GB,460 MB/s,560 MB/s,0 TB,Nem,Nem,23691,,
"TRANSCEND 128GB SSD370 SATA 3 2.5"" TS128GSSD370S","2.5""",SATA 3,MLC,128 GB,170 MB/s,550 MB/s,0 TB,Nem,Nem,19290,,
TRANSCEND 16GB MSA370 mSATA TS16GMSA370,mSATA,mSATA,MLC,16 GB,80 MB/s,510 MB/s,0 TB,Nem,Nem,10591,,
TRANSCEND 1TB 110s M.2 PCIe M.2 2280 TS1TMTE112S,M.2 2280,M.2 PCIe,TLC,1000 GB,1700 MB/s,1500 MB/s,400 TB,Nem,Nem,43390,80 x 22 x 3.58 mm,
TRANSCEND 1TB 240S M.2 PCIe M.2 2280 TS1TMTE240S,M.2 2280,M.2 PCIe,TLC,1000 GB,3200 MB/s,3800 MB/s,1700 TB,Nem,Nem,54190,80 x 22 x 3.58 mm,Igen
"TRANSCEND 1TB SSD230S SATA 3 2.5"" TS1TSSD230S","2.5""",SATA 3,TLC,1000 GB,520 MB/s,560 MB/s,560 TB,Nem,Nem,42490,100 x 69.85 x 6.8 mm,
TRANSCEND 256GB 220S M.2 PCIe M.2 2280 TS256GMTE220S,M.2 2280,M.2 PCIe,TLC,256 GB,1100 MB/s,3300 MB/s,550 TB,Nem,Nem,17390,80 x 22 x 3.58 mm,
TRANSCEND 256GB 370S mSATA TS256GMSA370S,mSATA,mSATA,TLC,256 GB,400 MB/s,530 MB/s,740 TB,Nem,Nem,41290,50.8 x 29.85 x 4.85 mm,
TRANSCEND 256GB 600S M.2 SATA M.2 2260 TS256GMTS600S,M.2 2260,M.2 SATA,MLC,256 GB,400 MB/s,520 MB/s,740 TB,Nem,Nem,36990,60 x 22 x 3.58 mm,
"TRANSCEND 256GB SSD370 SATA 3 2.5"" TS256GSSD370S","2.5""",SATA 3,MLC,256 GB,320 MB/s,570 MB/s,280 TB,Nem,Nem,33790,,
"TRANSCEND 256GB SSD452K SATA 3 2.5"" TS256GSSD452K","2.5""",SATA 3,TLC,256 GB,520 MB/s,560 MB/s,0 TB,Nem,Nem,18990,100 x 69.85 x 6.8 mm,
TRANSCEND 32GB MTS400 M.2 SATA M.2 2242 TS32GMTS400S,M.2 2242,M.2 SATA,MLC,32 GB,460 MB/s,560 MB/s,45 TB,Nem,Nem,10390,,
TRANSCEND 480GB MTS420 M.2 SATA M.2 2242 TS480GMTS420S,M.2 2242,M.2 SATA,TLC,480 GB,500 MB/s,560 MB/s,0 TB,Nem,Nem,26789,,
TRANSCEND 480GB MTS820 M.2 SATA M.2 2280 TS480GMTS820S,M.2 2280,M.2 SATA,MLC,480 GB,510 MB/s,560 MB/s,0 TB,Nem,Nem,22790,,
"TRANSCEND 480GB SSD220S SATA 3 2.5"" TS480GSSD220S","2.5""",SATA 3,TLC,480 GB,450 MB/s,550 MB/s,0 TB,Nem,Nem,23291,,
TRANSCEND 512GB 110s M.2 PCIe M.2 2280 TS512GMTE112S,M.2 2280,M.2 PCIe,TLC,512 GB,1500 MB/s,1800 MB/s,0 TB,Nem,Nem,23490,80 x 22 x 3.58 mm,
TRANSCEND 512GB 830S M.2 SATA M.2 2280 TS512GMTS830S,M.2 2280,M.2 SATA,TLC,512 GB,500 MB/s,560 MB/s,560 TB,Nem,Nem,23390,80 x 22 x 3.58 mm,
TRANSCEND 64GB HSD370 SATA 3 Half Slim TS64GHSD370,Half Slim,SATA 3,MLC,64 GB,320 MB/s,550 MB/s,90 TB,Nem,Nem,19790,,
TRANSCEND 64GB MTS400 M.2 SATA M.2 2242 TS64GMTS400,M.2 2242,M.2 SATA,MLC,64 GB,160 MB/s,560 MB/s,90 TB,Nem,Nem,11490,,
TRANSCEND 64GB MTS400 M.2 SATA M.2 2242 TS64GMTS400S,M.2 2242,M.2 SATA,MLC,64 GB,460 MB/s,560 MB/s,90 TB,Nem,Nem,14390,,
TRANSCEND 64GB MTS800 M.2 SATA M.2 2280 TS64GMTS800S,M.2 2280,M.2 SATA,MLC,64 GB,450 MB/s,500 MB/s,0 TB,Nem,Nem,14590,,
"TRANSCEND 64GB PATA PATA/IDE 2.5"" TS64GPSD330","2.5""",PATA/IDE,MLC,64 GB,67 MB/s,119 MB/s,90 TB,Nem,Nem,31090,,
"TRANSCEND 64GB SSD370 SATA 3 2.5"" TS64GSSD370S","2.5""",SATA 3,MLC,64 GB,80 MB/s,450 MB/s,90 TB,Nem,Nem,16391,,
TRANSCEND 960GB JetDrive 820 M.2 PCIe M.2 2280 TS960GJDM820,M.2 2280,M.2 PCIe,TLC,960 GB,950 MB/s,950 MB/s,0 TB,Nem,Nem,120790,,
TRANSCEND 960GB MTS820 M.2 SATA M.2 2280 TS960GMTS820S,M.2 2280,M.2 SATA,MLC,960 GB,510 MB/s,560 MB/s,0 TB,Nem,Nem,37690,,
UMAX 256GB Internal M.2 SATA M.2 2280 UMM250005,M.2 2280,M.2 SATA,TLC,256 GB,500 MB/s,550 MB/s,0 TB,Nem,Nem,16990,,
V7 1TB S6000 M.2 SATA M.2 2280 V7S6000M2-1000,M.2 2280,M.2 SATA,TLC,1000 GB,520 MB/s,560 MB/s,0 TB,Nem,Nem,49990,22 x 80 x 3.8 mm,
"V7 1TB S6000 SATA 3 2.5"" V7S600025-1000","2.5""",SATA 3,TLC,1000 GB,520 MB/s,560 MB/s,0 TB,Nem,Nem,50690,100.45 x 69.85 x 7 mm,
V7 256GB S6000 M.2 SATA M.2 2280 V7S6000M2-250,M.2 2280,M.2 SATA,TLC,256 GB,515 MB/s,560 MB/s,0 TB,Nem,Nem,16890,22 x 80 x 3.8 mm,
V7 500GB S6000 M.2 SATA M.2 2280 V7S6000M2-500,M.2 2280,M.2 SATA,TLC,500 GB,520 MB/s,560 MB/s,0 TB,Nem,Nem,26490,22 x 80 x 3.8 mm,
"V7 500GB S6000 SATA 3 2.5"" V7S600025-500","2.5""",SATA 3,TLC,500 GB,520 MB/s,560 MB/s,0 TB,Nem,Nem,25991,100.45x69.85x7 mm,
"VERBATIM 1TB Vi500 S3 SATA 3 2.5"" 49353","2.5""",SATA 3,TLC,1000 GB,460 MB/s,550 MB/s,0 TB,Nem,Nem,41290,7 x 69.9 x 100.5 mm,
VERBATIM 1TB Vi560 S3 M.2 SATA M.2 2280 49364,M.2 2280,M.2 SATA,TLC,1000 GB,520 MB/s,560 MB/s,450 TB,Nem,Nem,38490,80 x 22.1 x 2.3 mm,
VERBATIM 256GB Vi560 S3 M.2 SATA M.2 2280 49362,M.2 2280,M.2 SATA,TLC,256 GB,460 MB/s,560 MB/s,110 TB,Nem,Nem,15490,80 x 22.1 x 2.3 mm,
VERBATIM 512GB Vi560 S3 M.2 SATA M.2 2280 49363,M.2 2280,M.2 SATA,TLC,512 GB,520 MB/s,560 MB/s,240 TB,Nem,Nem,23390,80 x 22.1 x 2.3 mm,
WD 1TB Black SN750 With Heatsink M.2 PCIe M.2 2280 WDS100T3XHC,M.2 2280,M.2 PCIe,TLC,1000 GB,3000 MB/s,3470 MB/s,600 TB,Nem,Igen,85190,80 x 24.2 x 8.1 mm,
WD 1TB Black SN850 M.2 PCIe M.2 2280 WDBAPY0010BNC-WRSN,M.2 2280,M.2 PCIe,TLC,1000 GB,5300 MB/s,7000 MB/s,600 TB,Nem,Nem,119790,80 x 22 x 2.38 mm,Igen
WD 1TB Blue M.2 SATA M.2 2280 WDBK3U0010BNC,M.2 2280,M.2 SATA,TLC,1000 GB,525 MB/s,545 MB/s,400 TB,Nem,Nem,58890,,
WD 1TB Blue M.2 SATA M.2 2280 WDS100T1B0B,M.2 2280,M.2 SATA,TLC,1000 GB,525 MB/s,545 MB/s,400 TB,Nem,Nem,71990,,
"WD 1TB Blue SATA 3 2.5"" WDBNCE0020PNC","2.5""",SATA 3,TLC,1000 GB,530 MB/s,560 MB/s,400 TB,Nem,Nem,125291,,
WD 250GB Black SN750 M.2 PCIe M.2 2280 WDBRPG2500ANC,M.2 2280,M.2 PCIe,TLC,250 GB,1600 MB/s,3100 MB/s,200 TB,Nem,Nem,38990,80 x 24.2 x 8.1 mm,
WD 250GB Blue SN500 NVMe M.2 PCIe M.2 2280 WDS250G1B0C,M.2 2280,M.2 PCIe,TLC,250 GB,1300 MB/s,1700 MB/s,150 TB,Nem,Nem,19590,80 x 22 x 2.38 mm,
WD 2TB Black SN750 With Heatsink M.2 PCIe M.2 2280 WDS200T3XHC,M.2 2280,M.2 PCIe,TLC,2000 GB,2900 MB/s,3400 MB/s,600 TB,Nem,Nem,135490,80 x 24.2 x 8.1 mm,
WD 2TB Black SN850 M.2 PCIe M.2 2280 WDBAPY0020BNC-WRSN,M.2 2280,M.2 PCIe,TLC,2000 GB,5100 MB/s,7000 MB/s,1200 TB,Nem,Nem,271990,22 x 2.38 x 80 mm,Igen
WD 4TB Black SN750 M.2 PCIe M.2 2280 WDS400T3X0C,M.2 2280,M.2 PCIe,TLC,4000 GB,3100 MB/s,3400 MB/s,1200 TB,Nem,Nem,367389,80 x 24.2 x 8.1 mm,
"WD 4TB Blue SATA 3 2.5"" WDS400T2B0A","2.5""",SATA 3,TLC,4000 GB,530 MB/s,560 MB/s,600 TB,Nem,Nem,163490,,
"WD 4TB Red SA500 NAS SATA 3 2.5"" WDS400T1R0A","2.5""",SATA 3,TLC,4000 GB,530 MB/s,560 MB/s,2500 TB,Nem,Nem,214090,100 x 69.85 x 7 mm,
WD 500GB Black SN850 M.2 PCIe M.2 2280 WDBAPY5000ANC-WRSN,M.2 2280,M.2 PCIe,TLC,500 GB,4100 MB/s,7000 MB/s,300 TB,Nem,Nem,76290,80 x 22 x 2.38 mm,Igen
WD 500GB Blue SN550 NVMe M.2 PCIe M.2 2280 WDBA3V0010BNC,M.2 2280,M.2 PCIe,TLC,500 GB,1750 MB/s,2400 MB/s,300 TB,Nem,Nem,64690,80 x 22 x 2.38 mm,
"ZADAK 128GB TWSS3 SATA 3 2.5"" ZS128GTWSS3-1","2.5""",SATA 3,TLC,128 GB,540 MB/s,560 MB/s,0 TB,Nem,Nem,10690,100 x 69.9 x 7 mm,Nem
"ZADAK 256GB TWSS3 SATA 3 2.5"" ZS256GTWSS3-1","2.5""",SATA 3,TLC,256 GB,540 MB/s,560 MB/s,0 TB,Nem,Nem,14089,100 x 69.9 x 7 mm,Nem
"ZADAK 512GB TWSS3 SATA 3 2.5"" ZS512GTWSS3-1","2.5""",SATA 3,TLC,512 GB,540 MB/s,560 MB/s,0 TB,Nem,Nem,24790,100 x 69.9 x 7 mm,Nem
